interno;patente;actualizado;odometro_IFS;fecha_IFS;predio;chasis_marca;tipo_bus
CL6000;FLXR78;2024-01-16 16:00:10.980;550436;2024-01-25 00:00:00.000;AGUIRRE LUCO;MERCEDES BENZ;B2
CL6001;FLXR79;2024-01-16 16:00:10.980;574319;2024-01-25 00:00:00.000;AGUIRRE LUCO;MERCEDES BENZ;B2
CL6002;FLXR80;2024-01-16 16:00:10.980;628028;2024-01-25 00:00:00.000;AGUIRRE LUCO;MERCEDES BENZ;B2
CL6003;FLXR81;2024-01-16 16:00:10.980;654311;2024-01-25 00:00:00.000;AGUIRRE LUCO;MERCEDES BENZ;B2
CL6004;FLXR82;2024-01-16 16:00:10.980;614764;2024-01-25 00:00:00.000;AGUIRRE LUCO;MERCEDES BENZ;B2
CL6005;FLXR83;2024-01-16 16:00:10.980;638016;2024-01-22 00:00:00.000;AGUIRRE LUCO;MERCEDES BENZ;B2
CL6006;FLXR84;2024-01-16 16:00:10.980;621331;2024-01-25 00:00:00.000;AGUIRRE LUCO;MERCEDES BENZ;B2
CL6007;FLXR85;2024-01-16 16:00:10.980;594160;2024-01-25 00:00:00.000;AGUIRRE LUCO;MERCEDES BENZ;B2
CL6008;FLXR86;2024-01-16 16:00:10.980;574611;2024-01-19 00:00:00.000;AGUIRRE LUCO;MERCEDES BENZ;B2
CL6009;FLXR87;2024-01-16 16:00:10.980;609118;2024-01-25 00:00:00.000;AGUIRRE LUCO;MERCEDES BENZ;B2
CL6010;FLXR88;2024-01-16 16:00:10.980;593279;2024-01-25 00:00:00.000;AGUIRRE LUCO;MERCEDES BENZ;B2
CL6011;FLXR89;2024-01-16 16:00:10.980;564165;2024-01-25 00:00:00.000;AGUIRRE LUCO;MERCEDES BENZ;B2
CL6012;FLXR90;2024-01-16 16:00:10.980;576442;2024-01-05 00:00:00.000;AGUIRRE LUCO;MERCEDES BENZ;B2
CL6013;FLXR91;2024-01-16 16:00:10.980;643908;2024-01-25 00:00:00.000;AGUIRRE LUCO;MERCEDES BENZ;B2
CL6014;FLXR92;2024-01-16 16:00:10.980;602863;2024-01-25 00:00:00.000;AGUIRRE LUCO;MERCEDES BENZ;B2
CL6015;FLXR93;2024-01-16 16:00:10.980;592921;2024-01-25 00:00:00.000;AGUIRRE LUCO;MERCEDES BENZ;B2
CL6016;FLXR73;2023-10-06 09:47:15.513;542935;2023-10-20 00:00:00.000;AGUIRRE LUCO;MERCEDES BENZ;B2
CL6017;FLXR74;2023-10-06 09:47:15.513;534864;2023-10-19 00:00:00.000;AGUIRRE LUCO;MERCEDES BENZ;B2
CL6020;FLXR77;2023-10-06 09:47:15.513;588547;2024-01-20 00:00:00.000;AGUIRRE LUCO;MERCEDES BENZ;B2
CL5000;SHCX41;2023-08-30 16:37:41.870;40095;2023-09-11 00:00:00.000;AGUIRRE LUCO;VOLVO;A2
CL5001;SHCX61;2023-08-30 16:37:41.883;60514;2024-01-25 00:00:00.000;AGUIRRE LUCO;VOLVO;A2
CL5002;SHCX44;2023-08-30 16:37:41.900;61497;2024-01-25 00:00:00.000;AGUIRRE LUCO;VOLVO;A2
CL5003;SHCY41;2023-08-30 16:37:41.917;63242;2024-01-25 00:00:00.000;AGUIRRE LUCO;VOLVO;A2
CL5004;SHCY56;2023-08-30 16:37:41.930;64001;2024-01-25 00:00:00.000;AGUIRRE LUCO;VOLVO;A2
CL5005;SHXF37;2023-08-30 16:37:41.947;61305;2024-01-25 00:00:00.000;AGUIRRE LUCO;VOLVO;A2
CL6093;SHCW61;2023-08-30 16:37:43.713;68183;2024-01-25 00:00:00.000;AGUIRRE LUCO;VOLVO;B2
CL6096;SHCW64;2023-08-30 16:37:43.760;71367;2024-01-25 00:00:00.000;AGUIRRE LUCO;VOLVO;B2
CL6103;SHCW73;2023-07-28 16:49:26.117;11329;2023-03-29 00:00:00.000;AGUIRRE LUCO;VOLVO;B2
CL6104;SHCW75;2023-08-30 16:37:43.887;68939;2024-01-25 00:00:00.000;AGUIRRE LUCO;VOLVO;B2
CL6105;SHCW76;2023-08-30 16:37:43.900;73625;2024-01-25 00:00:00.000;AGUIRRE LUCO;VOLVO;B2
CL6106;SHCW77;2023-08-30 16:37:43.917;68516;2024-01-25 00:00:00.000;AGUIRRE LUCO;VOLVO;B2
CL6101;SHCW71;2023-08-30 16:37:43.853;73493;2024-01-25 00:00:00.000;AGUIRRE LUCO;VOLVO;B2
CL6108;SHCW79;2023-08-30 16:37:43.963;69044;2024-01-25 00:00:00.000;AGUIRRE LUCO;VOLVO;B2
CL6114;SHCX29;2023-07-28 16:49:26.117;54953;2024-01-25 00:00:00.000;AGUIRRE LUCO;VOLVO;B2
CL6115;SHCX30;2023-08-30 16:37:44.090;73587;2024-01-25 00:00:00.000;AGUIRRE LUCO;VOLVO;B2
CL6116;SHCX31;2023-08-30 16:37:44.103;72509;2024-01-25 00:00:00.000;AGUIRRE LUCO;VOLVO;B2
CL6111;SHCX26;2023-08-30 16:37:44.040;68197;2024-01-23 00:00:00.000;AGUIRRE LUCO;VOLVO;B2
CL6112;SHCX27;2023-08-30 16:37:44.073;71511;2024-01-25 00:00:00.000;AGUIRRE LUCO;VOLVO;B2
CL6119;SHCX34;2023-08-30 16:37:44.150;70821;2024-01-25 00:00:00.000;AGUIRRE LUCO;VOLVO;B2
CL6120;SHCX35;2023-08-30 16:37:44.180;65278;2024-01-25 00:00:00.000;AGUIRRE LUCO;VOLVO;B2
CL6122;SHXD87;2023-08-30 16:37:44.243;72167;2024-01-24 00:00:00.000;AGUIRRE LUCO;VOLVO;B2
CL6124;SHXD90;2023-08-30 16:37:44.260;74264;2024-01-25 00:00:00.000;AGUIRRE LUCO;VOLVO;B2
CL6125;SHXD91;2023-08-30 16:37:44.290;62167;2024-01-25 00:00:00.000;AGUIRRE LUCO;VOLVO;B2
CL6127;SHXD93;2023-08-30 16:37:44.340;76137;2024-01-25 00:00:00.000;AGUIRRE LUCO;VOLVO;B2
CL6128;SHXD94;2023-08-30 16:37:44.370;73178;2024-01-25 00:00:00.000;AGUIRRE LUCO;VOLVO;B2
CL6129;SHXD95;2023-08-30 16:37:44.387;73318;2024-01-25 00:00:00.000;AGUIRRE LUCO;VOLVO;B2
CL6130;SHXF21;2023-08-30 16:37:44.400;70159;2024-01-25 00:00:00.000;AGUIRRE LUCO;VOLVO;B2
CL6131;SHXF42;2023-08-30 16:37:44.430;64548;2024-01-25 00:00:00.000;AGUIRRE LUCO;VOLVO;B2
CL6132;SHXF43;2023-08-30 16:37:44.463;73650;2024-01-25 00:00:00.000;AGUIRRE LUCO;VOLVO;B2
CL6133;SHXF44;2023-08-30 16:37:44.493;67406;2024-01-25 00:00:00.000;AGUIRRE LUCO;VOLVO;B2
CL6134;SHXG18;2023-08-30 16:37:44.493;73946;2024-01-25 00:00:00.000;AGUIRRE LUCO;VOLVO;B2
CL6135;SHXG90;2023-08-30 16:37:44.510;71636;2024-01-25 00:00:00.000;AGUIRRE LUCO;VOLVO;B2
CL6136;SHXG91;2023-08-30 16:37:44.527;64038;2024-01-25 00:00:00.000;AGUIRRE LUCO;VOLVO;B2
CL6160;SKPH71;2023-08-30 16:37:45.120;55562;2024-01-25 00:00:00.000;AGUIRRE LUCO;VOLVO;B2
CL6141;SJPC31;2023-08-30 16:37:44.667;71494;2024-01-25 00:00:00.000;AGUIRRE LUCO;VOLVO;B2
CL6142;SJPC33;2023-08-30 16:37:44.697;74140;2024-01-25 00:00:00.000;AGUIRRE LUCO;VOLVO;B2
CL6143;SJPC34;2023-08-30 16:37:44.713;66602;2024-01-25 00:00:00.000;AGUIRRE LUCO;VOLVO;B2
CL6144;SJPC39;2023-08-30 16:37:44.760;68924;2024-01-25 00:00:00.000;AGUIRRE LUCO;VOLVO;B2
CL6155;SHXD86;2023-08-30 16:37:44.993;71525;2024-01-25 00:00:00.000;AGUIRRE LUCO;VOLVO;B2
CL6156;SHXF20;2023-08-30 16:37:45.010;70007;2024-01-25 00:00:00.000;AGUIRRE LUCO;VOLVO;B2
CL6157;SHXF41;2023-08-30 16:37:45.040;68590;2024-01-25 00:00:00.000;AGUIRRE LUCO;VOLVO;B2
CL6139;SHXG94;2023-08-30 16:37:44.603;75344;2024-01-23 00:00:00.000;AGUIRRE LUCO;VOLVO;B2
CL3065;STHD21;2023-08-30 16:37:39.133;56691;2024-01-25 00:00:00.000;CONDELL;FOTON;B2
CL3066;STHD35;2023-08-30 16:37:39.180;53774;2024-01-25 00:00:00.000;CONDELL;FOTON;B2
CL3067;STHD47;2023-08-30 16:37:39.213;57032;2024-01-25 00:00:00.000;CONDELL;FOTON;B2
CL3068;STHD54;2023-08-30 16:37:39.260;57380;2024-01-25 00:00:00.000;CONDELL;FOTON;B2
CL3069;STHD65;2023-08-30 16:37:39.307;56986;2024-01-25 00:00:00.000;CONDELL;FOTON;B2
CL3070;STHD72;2023-08-26 17:42:19.007;48696;2024-01-25 00:00:00.000;CONDELL;FOTON;B2
CL3071;STHF13;2023-08-30 16:37:39.337;53290;2024-01-25 00:00:00.000;CONDELL;FOTON;B2
CL3072;STHF15;2023-08-30 16:37:39.383;55303;2024-01-25 00:00:00.000;CONDELL;FOTON;B2
CL3074;STHF35;2023-08-30 16:37:39.447;55619;2024-01-25 00:00:00.000;CONDELL;FOTON;B2
CL3075;STHF42;2023-08-30 16:37:39.493;54367;2024-01-25 00:00:00.000;CONDELL;FOTON;B2
CL3076;STHF45;2023-08-30 16:37:39.557;58314;2024-01-25 00:00:00.000;CONDELL;FOTON;B2
CL3077;STHF49;2023-08-30 16:37:39.603;51227;2024-01-25 00:00:00.000;CONDELL;FOTON;B2
CL3079;STHF62;2023-08-30 16:37:39.633;56835;2024-01-25 00:00:00.000;CONDELL;FOTON;B2
CL3059;STHB50;2023-08-30 16:37:39.040;49276;2024-01-25 00:00:00.000;CONDELL;FOTON;B2
CL3081;STHF76;2023-08-30 16:37:39.697;53892;2024-01-25 00:00:00.000;CONDELL;FOTON;B2
CL3000;SJTD55;2023-08-30 16:37:36.570;70010;2024-01-25 00:00:00.000;CONDELL;FOTON;BE
CL3001;SJTD56;2023-08-30 16:37:36.600;70399;2024-01-25 00:00:00.000;CONDELL;FOTON;BE
CL3002;SJTD57;2023-08-30 16:37:36.680;65054;2024-01-25 00:00:00.000;CONDELL;FOTON;BE
CL3003;SJTD58;2023-08-30 16:37:36.727;69016;2024-01-25 00:00:00.000;CONDELL;FOTON;BE
CL3004;SJTD61;2023-08-30 16:37:36.757;70510;2024-01-25 00:00:00.000;CONDELL;FOTON;BE
CL3005;SJTD62;2023-08-30 16:37:36.803;73203;2024-01-25 00:00:00.000;CONDELL;FOTON;BE
CL3006;SJTD63;2023-08-30 16:37:36.850;71724;2024-01-25 00:00:00.000;CONDELL;FOTON;BE
CL3007;SJTD64;2023-08-30 16:37:36.900;69293;2024-01-25 00:00:00.000;CONDELL;FOTON;BE
CL3008;SJTD65;2023-08-30 16:37:36.960;70003;2024-01-25 00:00:00.000;CONDELL;FOTON;BE
CL3009;SJTD66;2023-08-30 16:37:37.023;71959;2024-01-25 00:00:00.000;CONDELL;FOTON;BE
CL3010;SKHF49;2023-08-30 16:37:37.100;56705;2023-11-09 00:00:00.000;CONDELL;FOTON;
CL3011;SKHF84;2023-08-30 16:37:37.163;65167;2024-01-25 00:00:00.000;CONDELL;FOTON;
CL3012;SKHF87;2023-08-30 16:37:37.210;56604;2024-01-25 00:00:00.000;CONDELL;FOTON;
CL3013;SKHF91;2023-08-30 16:37:37.257;70656;2024-01-25 00:00:00.000;CONDELL;FOTON;
CL3014;SKHF92;2023-08-30 16:37:37.303;67610;2024-01-25 00:00:00.000;CONDELL;FOTON;
CL3015;SKHG14;2023-08-30 16:37:37.353;71647;2024-01-25 00:00:00.000;CONDELL;FOTON;
CL3016;SKHG17;2023-08-30 16:37:37.400;72428;2024-01-25 00:00:00.000;CONDELL;FOTON;
CL3017;SKHG20;2023-08-30 16:37:37.430;66035;2024-01-25 00:00:00.000;CONDELL;FOTON;
CL3018;SKHG33;2023-07-28 16:49:26.117;56654;2024-01-25 00:00:00.000;CONDELL;FOTON;
CL3019;SKHG37;2023-08-30 16:37:37.460;68831;2024-01-25 00:00:00.000;CONDELL;FOTON;
CL3020;SKHG39;2023-08-30 16:37:37.477;65254;2024-01-25 00:00:00.000;CONDELL;FOTON;
CL3021;SKHG40;2023-08-30 16:37:37.523;70499;2024-01-25 00:00:00.000;CONDELL;FOTON;
CL3022;SKHG42;2023-08-30 16:37:37.570;68710;2024-01-25 00:00:00.000;CONDELL;FOTON;
CL3023;SKHG47;2023-08-30 16:37:37.633;73803;2024-01-25 00:00:00.000;CONDELL;FOTON;
CL3024;SKHG55;2023-08-30 16:37:37.697;67198;2024-01-25 00:00:00.000;CONDELL;FOTON;
CL3025;SKHG57;2023-08-30 16:37:37.760;70531;2024-01-25 00:00:00.000;CONDELL;FOTON;BE
CL3026;SKHG59;2023-08-30 16:37:37.807;72007;2024-01-25 00:00:00.000;CONDELL;FOTON;
CL3027;SKHG62;2023-08-30 16:37:37.820;71419;2024-01-25 00:00:00.000;CONDELL;FOTON;
CL3028;SKHG65;2023-08-30 16:37:37.867;57681;2024-01-25 00:00:00.000;CONDELL;FOTON;
CL3029;SKHG69;2023-08-30 16:37:37.930;67074;2024-01-25 00:00:00.000;CONDELL;FOTON;
CL3030;SKHG70;2023-08-30 16:37:37.977;69828;2024-01-24 00:00:00.000;CONDELL;FOTON;
CL3031;SKHG73;2023-08-30 16:37:38.010;68319;2024-01-25 00:00:00.000;CONDELL;FOTON;
CL3032;SKHG74;2023-08-30 16:37:38.057;71956;2024-01-25 00:00:00.000;CONDELL;FOTON;
CL3033;SKHG79;2023-08-30 16:37:38.117;66755;2024-01-25 00:00:00.000;CONDELL;FOTON;
CL3034;SKHG80;2023-08-30 16:37:38.163;69121;2024-01-25 00:00:00.000;CONDELL;FOTON;
CL3035;SKHG82;2023-08-30 16:37:38.210;69225;2024-01-25 00:00:00.000;CONDELL;FOTON;
CL3036;SKHG85;2023-08-30 16:37:38.260;63512;2024-01-25 00:00:00.000;CONDELL;FOTON;
CL3037;SKHG89;2023-08-30 16:37:38.320;68576;2024-01-25 00:00:00.000;CONDELL;FOTON;
CL3038;SKHG90;2023-08-30 16:37:38.383;71849;2024-01-25 00:00:00.000;CONDELL;FOTON;
CL3039;SKHG92;2023-08-30 16:37:38.447;69592;2024-01-25 00:00:00.000;CONDELL;FOTON;
CL3040;SKHG93;2023-08-30 16:37:38.510;65025;2024-01-25 00:00:00.000;CONDELL;FOTON;
CL3041;SKHG95;2023-08-30 16:37:38.557;66825;2024-01-01 00:00:00.000;CONDELL;FOTON;
CL3042;SPZX34;2023-08-30 16:37:38.603;59403;2024-01-25 00:00:00.000;CONDELL;FOTON;
CL3043;SPZX36;2023-08-30 16:37:38.650;62189;2024-01-25 00:00:00.000;CONDELL;FOTON;
CL3044;SPZX39;2023-08-30 16:37:38.727;62676;2024-01-25 00:00:00.000;CONDELL;FOTON;
CL3045;SPZX41;2023-08-30 16:37:38.773;60307;2024-01-25 00:00:00.000;CONDELL;FOTON;
CL3046;SPZX42;2023-08-30 16:37:38.837;63830;2024-01-25 00:00:00.000;CONDELL;FOTON;
CL3047;SPZX46;2023-08-30 16:37:38.867;62266;2024-01-25 00:00:00.000;CONDELL;FOTON;
CL3048;SPZX51;2023-08-30 16:37:38.900;55854;2024-01-25 00:00:00.000;CONDELL;FOTON;
CL3049;SPZX55;2023-08-30 16:37:38.913;62372;2024-01-25 00:00:00.000;CONDELL;FOTON;
CL3050;SPZX56;2023-08-30 16:37:38.930;65724;2024-01-25 00:00:00.000;CONDELL;FOTON;
CL3051;SPZX58;2023-08-30 16:37:38.947;63659;2024-01-25 00:00:00.000;CONDELL;FOTON;
CL2041;FLXP82;2023-09-13 10:01:09.110;521872;2023-10-04 00:00:00.000;CONDELL;MERCEDES BENZ;BPAL
CL2080;LDJP67;2023-11-07 12:00:11.357;328660;2024-01-25 00:00:00.000;CONDELL;MERCEDES BENZ;B2
CL2081;LDJP70;2023-11-07 12:00:11.357;355509;2024-01-23 00:00:00.000;CONDELL;MERCEDES BENZ;B2
CL2082;LDJP71;2023-11-07 12:00:11.357;342118;2024-01-25 00:00:00.000;CONDELL;MERCEDES BENZ;B2
CL2083;LDJP72;2023-11-07 12:00:11.357;342744;2024-01-25 00:00:00.000;CONDELL;MERCEDES BENZ;B2
CL2084;LDJP73;2023-11-07 12:00:11.357;333746;2024-01-25 00:00:00.000;CONDELL;MERCEDES BENZ;B2
CL2085;LDJV43;2023-11-07 12:00:11.357;336531;2024-01-25 00:00:00.000;CONDELL;MERCEDES BENZ;B2
CL2086;LDJV44;2023-11-07 12:00:11.357;333234;2024-01-25 00:00:00.000;CONDELL;MERCEDES BENZ;B2
CL2087;LDJV45;2023-11-07 12:00:11.357;351017;2024-01-25 00:00:00.000;CONDELL;MERCEDES BENZ;B2
CL2088;LDJV46;2023-11-07 12:00:11.357;361457;2024-01-25 00:00:00.000;CONDELL;MERCEDES BENZ;B2
CL2089;LDJV48;2023-11-07 12:00:11.357;316621;2024-01-25 00:00:00.000;CONDELL;MERCEDES BENZ;B2
CL2090;LDJV49;2023-11-07 12:00:11.357;341242;2024-01-25 00:00:00.000;CONDELL;MERCEDES BENZ;B2
CL2092;LDJV51;2023-11-07 12:00:11.357;308540;2024-01-25 00:00:00.000;CONDELL;MERCEDES BENZ;B2
CL2093;LDJV52;2023-11-07 12:00:11.357;337911;2024-01-25 00:00:00.000;CONDELL;MERCEDES BENZ;B2
CL2094;LDJW29;2023-11-07 12:00:11.357;348681;2023-12-30 00:00:00.000;CONDELL;MERCEDES BENZ;B2
CL2111;LDJW48;2023-11-14 12:00:15.630;331437;2024-01-25 00:00:00.000;CONDELL;MERCEDES BENZ;B2
CL4000;LDJX67;2023-08-30 16:37:40.430;211773;2023-11-30 00:00:00.000;CONDELL;MERCEDES BENZ;C2
CL4001;LDSW88;2023-08-30 16:37:40.463;302607;2024-01-25 00:00:00.000;CONDELL;MERCEDES BENZ;C2
CL4002;LDSX94;2023-07-28 16:49:26.197;260822;2023-09-01 00:00:00.000;CONDELL;MERCEDES BENZ;C2
CL4003;LDSX95;2023-08-30 16:37:40.463;246865;2024-01-25 00:00:00.000;CONDELL;MERCEDES BENZ;C2
CL4004;LDSX96;2023-08-30 16:37:40.477;284572;2024-01-25 00:00:00.000;CONDELL;MERCEDES BENZ;C2
CL4005;LDTG63;2023-08-30 16:37:40.493;269878;2024-01-25 00:00:00.000;CONDELL;MERCEDES BENZ;C2
CL4006;LDTG64;2023-10-06 09:47:15.513;243202;2024-01-25 00:00:00.000;CONDELL;MERCEDES BENZ;C2
CL4007;LDTG65;2023-07-28 16:49:26.197;251584;2024-01-25 00:00:00.000;CONDELL;MERCEDES BENZ;C2
CL4008;LDTG66;2023-08-30 16:37:40.523;284710;2024-01-25 00:00:00.000;CONDELL;MERCEDES BENZ;C2
CL4009;LDTG67;2023-08-30 16:37:40.540;279108;2024-01-25 00:00:00.000;CONDELL;MERCEDES BENZ;C2
CL4010;LFGJ89;2023-08-30 16:37:40.557;241528;2024-01-25 00:00:00.000;CONDELL;MERCEDES BENZ;C2
CL4011;LFGJ90;2023-08-30 16:37:40.570;268415;2024-01-25 00:00:00.000;CONDELL;MERCEDES BENZ;C2
CL4012;LFGJ91;2023-08-30 16:37:40.587;268669;2024-01-25 00:00:00.000;CONDELL;MERCEDES BENZ;C2
CL4013;LFGJ92;2023-08-30 16:37:40.603;284462;2024-01-25 00:00:00.000;CONDELL;MERCEDES BENZ;C2
CL4014;LFGJ93;2023-08-30 16:37:40.620;274719;2024-01-25 00:00:00.000;CONDELL;MERCEDES BENZ;C2
CL4015;LFGJ94;2023-08-30 16:37:40.633;279706;2023-12-26 00:00:00.000;CONDELL;MERCEDES BENZ;C2
CL4016;LFGJ95;2023-08-30 16:37:40.650;251789;2024-01-22 00:00:00.000;CONDELL;MERCEDES BENZ;C2
CL4018;LFGJ97;2023-08-30 16:37:40.680;317321;2024-01-25 00:00:00.000;CONDELL;MERCEDES BENZ;C2
CL4019;LFGW21;2023-08-30 16:37:40.697;276025;2024-01-25 00:00:00.000;CONDELL;MERCEDES BENZ;C2
CL4020;LFGW22;2023-07-28 16:49:26.117;225388;2024-01-25 00:00:00.000;CONDELL;MERCEDES BENZ;C2
CL4021;LFGW31;2023-08-30 16:37:40.713;263953;2024-01-25 00:00:00.000;CONDELL;MERCEDES BENZ;C2
CL4022;LFGW32;2023-08-30 16:37:40.743;247303;2024-01-25 00:00:00.000;CONDELL;MERCEDES BENZ;C2
CL4023;LFGW33;2023-08-30 16:37:40.743;245363;2024-01-25 00:00:00.000;CONDELL;MERCEDES BENZ;C2
CL4024;LFGW34;2023-08-30 16:37:40.760;302098;2024-01-25 00:00:00.000;CONDELL;MERCEDES BENZ;C2
CL2077;LXDJ29;2023-11-14 13:00:10.530;306156;2024-01-25 00:00:00.000;CONDELL;SCANIA;B2
CL2079;LXDJ31;2023-11-14 13:00:10.530;295541;2024-01-25 00:00:00.000;CONDELL;SCANIA;B2
CL2065;LXDJ17;2023-11-14 12:00:15.630;291135;2024-01-25 00:00:00.000;CONDELL;SCANIA;B2
CL2066;LXDJ18;2023-11-14 12:00:15.630;289788;2024-01-25 00:00:00.000;CONDELL;SCANIA;B2
CL2074;LXDJ26;2023-11-14 12:00:15.630;280031;2024-01-25 00:00:00.000;CONDELL;SCANIA;B2
CL2075;LXDJ27;2023-11-14 13:00:10.530;261220;2024-01-25 00:00:00.000;CONDELL;SCANIA;B2
CL1000;SHCX53;2023-10-06 09:47:15.513;64829;2024-01-25 00:00:00.000;CONDELL;VOLVO;A2
CL1001;SHCY10;2023-10-02 21:54:21.563;69825;2024-01-25 00:00:00.000;CONDELL;VOLVO;A2
CL1018;SHXF83;2023-08-30 16:37:33.553;67317;2024-01-25 00:00:00.000;CONDELL;VOLVO;
CL1019;SHXG99;2023-08-30 16:37:33.570;63800;2024-01-25 00:00:00.000;CONDELL;VOLVO;
CL1020;SHCY62;2023-08-30 16:37:33.570;64326;2024-01-25 00:00:00.000;CONDELL;VOLVO;
CL1021;SHCY45;2023-08-30 16:37:33.587;64127;2024-01-25 00:00:00.000;CONDELL;VOLVO;
CL1022;SHCY44;2023-08-30 16:37:33.600;71259;2024-01-25 00:00:00.000;CONDELL;VOLVO;
CL1023;SHCY43;2023-08-30 16:37:33.617;75385;2024-01-25 00:00:00.000;CONDELL;VOLVO;
CL1028;SHXD83;2023-08-30 16:37:33.850;62442;2024-01-25 00:00:00.000;CONDELL;VOLVO;
CL1029;SHCY38;2023-08-30 16:37:33.867;63908;2024-01-25 00:00:00.000;CONDELL;VOLVO;
CL4031;SHXF25;2023-12-29 13:00:10.837;73463;2024-01-25 00:00:00.000;CONDELL;VOLVO;
CL4041;SHXG87;2023-12-29 13:00:10.837;67032;2024-01-25 00:00:00.000;CONDELL;VOLVO;
CL4042;SJPC35;2023-12-29 13:00:10.837;74196;2024-01-25 00:00:00.000;CONDELL;VOLVO;
CL4051;SJPC50;2023-12-29 13:00:10.837;74246;2024-01-25 00:00:00.000;CONDELL;VOLVO;
CL4056;SJPD73;2023-12-29 13:00:10.837;70516;2024-01-25 00:00:00.000;CONDELL;VOLVO;
CL2112;LDJW49;2023-08-30 16:37:36.400;337768;2024-01-24 00:00:00.000;EL RETIRO;MERCEDES BENZ;B2
CL2113;LJDL48;2023-08-30 16:37:36.447;325835;2024-01-25 00:00:00.000;EL RETIRO;MERCEDES BENZ;B2
CL2091;LDJV50;2024-01-02 17:00:11.477;273955;2024-01-24 00:00:00.000;EL RETIRO;MERCEDES BENZ;B2
CL2095;LDJW30;2023-08-30 16:37:35.633;321370;2024-01-25 00:00:00.000;EL RETIRO;MERCEDES BENZ;B2
CL2096;LDJW31;2023-08-30 16:37:35.663;352922;2024-01-25 00:00:00.000;EL RETIRO;MERCEDES BENZ;B2
CL2097;LDJW34;2023-08-30 16:37:35.710;340604;2024-01-25 00:00:00.000;EL RETIRO;MERCEDES BENZ;B2
CL2098;LDJW35;2023-08-30 16:37:35.743;312347;2024-01-25 00:00:00.000;EL RETIRO;MERCEDES BENZ;B2
CL2099;LDJW36;2023-08-30 16:37:35.757;347573;2024-01-25 00:00:00.000;EL RETIRO;MERCEDES BENZ;B2
CL2100;LDJW37;2023-08-30 16:37:35.803;345323;2024-01-25 00:00:00.000;EL RETIRO;MERCEDES BENZ;B2
CL2101;LDJW38;2023-08-30 16:37:35.850;325561;2024-01-25 00:00:00.000;EL RETIRO;MERCEDES BENZ;B2
CL2102;LDJW39;2023-08-30 16:37:35.900;342108;2024-01-25 00:00:00.000;EL RETIRO;MERCEDES BENZ;B2
CL2103;LDJW40;2023-08-30 16:37:35.960;331043;2024-01-25 00:00:00.000;EL RETIRO;MERCEDES BENZ;B2
CL2104;LDJW41;2023-08-30 16:37:36.007;351387;2024-01-25 00:00:00.000;EL RETIRO;MERCEDES BENZ;B2
CL2105;LDJW42;2023-08-30 16:37:36.070;358675;2024-01-25 00:00:00.000;EL RETIRO;MERCEDES BENZ;B2
CL2106;LDJW43;2023-08-30 16:37:36.117;339267;2024-01-25 00:00:00.000;EL RETIRO;MERCEDES BENZ;B2
CL2107;LDJW44;2023-08-30 16:37:36.180;350021;2024-01-25 00:00:00.000;EL RETIRO;MERCEDES BENZ;B2
CL2108;LDJW45;2023-08-30 16:37:36.227;330512;2024-01-25 00:00:00.000;EL RETIRO;MERCEDES BENZ;B2
CL2109;LDJW46;2023-08-30 16:37:36.273;342079;2024-01-25 00:00:00.000;EL RETIRO;MERCEDES BENZ;B2
CL2110;LDJW47;2023-08-30 16:37:36.303;340132;2024-01-25 00:00:00.000;EL RETIRO;MERCEDES BENZ;B2
CL2064;LXDJ16;2023-07-28 16:49:26.117;281534;2024-01-25 00:00:00.000;EL RETIRO;SCANIA;B2
CL2070;LXDJ22;2023-08-30 16:37:35.180;340903;2024-01-25 00:00:00.000;EL RETIRO;SCANIA;B2
CL2071;LXDJ23;2023-08-30 16:37:35.197;326869;2023-12-28 00:00:00.000;EL RETIRO;SCANIA;B2
CL2055;LXDH97;2023-08-30 16:37:34.993;257644;2024-01-25 00:00:00.000;EL RETIRO;SCANIA;B2
CL1015;SHCY55;2023-10-25 16:00:11.660;76834;2024-01-25 00:00:00.000;EL RETIRO;VOLVO;A2
CL1002;SHCY11;2023-10-25 16:00:11.660;77826;2024-01-25 00:00:00.000;EL RETIRO;VOLVO;A2
CL1003;SHCY32;2023-10-25 16:00:11.660;78009;2024-01-25 00:00:00.000;EL RETIRO;VOLVO;A2
CL1004;SHCY33;2023-10-25 16:00:11.660;79588;2024-01-25 00:00:00.000;EL RETIRO;VOLVO;A2
CL1005;SHCY34;2023-10-25 16:00:11.660;71054;2024-01-25 00:00:00.000;EL RETIRO;VOLVO;A2
CL1008;SHCY39;2023-10-25 16:00:11.660;79997;2024-01-25 00:00:00.000;EL RETIRO;VOLVO;A2
CL1009;SHCY40;2023-10-25 16:00:11.660;71353;2024-01-25 00:00:00.000;EL RETIRO;VOLVO;A2
CL1010;SHCY46;2023-10-25 16:00:11.660;76703;2024-01-25 00:00:00.000;EL RETIRO;VOLVO;A2
CL1011;SHCY47;2023-10-25 16:00:11.660;77926;2024-01-22 00:00:00.000;EL RETIRO;VOLVO;A2
CL1012;SHCY49;2023-10-25 16:00:11.660;79255;2024-01-16 00:00:00.000;EL RETIRO;VOLVO;A2
CL1013;SHCY50;2023-10-25 16:00:11.660;76760;2024-01-25 00:00:00.000;EL RETIRO;VOLVO;A2
CL4057;SJPD89;2023-08-30 16:37:41.667;69744;2024-01-25 00:00:00.000;EL RETIRO;VOLVO;
CL4058;SJPD90;2023-08-30 16:37:41.680;75866;2024-01-25 00:00:00.000;EL RETIRO;VOLVO;
CL4059;SJPD91;2023-08-30 16:37:41.697;75997;2024-01-25 00:00:00.000;EL RETIRO;VOLVO;
CL4052;SJPC52;2023-08-30 16:37:41.587;71230;2024-01-25 00:00:00.000;EL RETIRO;VOLVO;
CL4043;SJPC36;2023-08-30 16:37:41.290;73578;2024-01-25 00:00:00.000;EL RETIRO;VOLVO;
CL4044;SJPC37;2023-08-30 16:37:41.320;70944;2024-01-25 00:00:00.000;EL RETIRO;VOLVO;
CL4046;SJPC41;2023-08-30 16:37:41.400;69412;2024-01-25 00:00:00.000;EL RETIRO;VOLVO;
CL4048;SJPC45;2023-08-30 16:37:41.447;77029;2024-01-25 00:00:00.000;EL RETIRO;VOLVO;
CL4049;SJPC48;2023-08-30 16:37:41.523;69025;2024-01-25 00:00:00.000;EL RETIRO;VOLVO;
CL4050;SJPC49;2023-08-30 16:37:41.557;70611;2024-01-25 00:00:00.000;EL RETIRO;VOLVO;
CL4035;SHXF30;2023-08-30 16:37:40.993;72495;2024-01-25 00:00:00.000;EL RETIRO;VOLVO;
CL4036;SHXG17;2023-08-20 18:02:19.513;73100;2024-01-25 00:00:00.000;EL RETIRO;VOLVO;
CL4038;SHXG31;2023-08-30 16:37:41.070;75158;2024-01-25 00:00:00.000;EL RETIRO;VOLVO;
CL4040;SHXG34;2023-08-30 16:37:41.243;69725;2024-01-25 00:00:00.000;EL RETIRO;VOLVO;
CL4063;SJPD95;2023-12-29 13:00:10.837;92465;2024-01-25 00:00:00.000;EL RETIRO;VOLVO;
CL4064;SJPD96;2023-12-29 13:00:10.837;87025;2024-01-10 00:00:00.000;EL RETIRO;VOLVO;
CL4061;SJPD93;2023-12-29 13:00:10.837;90708;2024-01-25 00:00:00.000;EL RETIRO;VOLVO;
CL4067;SJPC68;2023-08-30 16:37:41.807;75082;2024-01-25 00:00:00.000;EL RETIRO;VOLVO;
CL4068;SJPF86;2023-12-29 13:00:10.837;86829;2024-01-25 00:00:00.000;EL RETIRO;VOLVO;
CL4069;SJPF87;2023-12-29 13:00:10.837;88534;2024-01-25 00:00:00.000;EL RETIRO;VOLVO;
CL7025;SPZX43;2023-08-30 16:37:45.933;58015;2024-01-25 00:00:00.000;JUANITA;FOTON;B2
CL7040;SPZX70;2023-08-30 16:37:46.667;59694;2024-01-25 00:00:00.000;JUANITA;FOTON;B2
CL7071;SPZY41;2023-08-30 16:37:47.510;60211;2024-01-25 00:00:00.000;JUANITA;FOTON;B2
CL7121;SRVF74;2023-08-30 16:37:48.950;58748;2024-01-25 00:00:00.000;JUANITA;FOTON;B2
CL7122;SRVF76;2023-08-30 16:37:48.967;59722;2024-01-25 00:00:00.000;JUANITA;FOTON;B2
CL7123;SRVF79;2023-08-30 16:37:48.997;55883;2024-01-25 00:00:00.000;JUANITA;FOTON;B2
CL7124;SRVF81;2023-08-30 16:37:49.027;58124;2024-01-25 00:00:00.000;JUANITA;FOTON;B2
CL7125;SRVF83;2023-08-30 16:37:49.043;57961;2024-01-25 00:00:00.000;JUANITA;FOTON;B2
CL7126;SRVF84;2023-08-30 16:37:49.073;56921;2024-01-25 00:00:00.000;JUANITA;FOTON;B2
CL7127;SRVF90;2023-08-30 16:37:49.073;56811;2024-01-25 00:00:00.000;JUANITA;FOTON;B2
CL7128;SRVF96;2023-08-30 16:37:49.090;57368;2024-01-25 00:00:00.000;JUANITA;FOTON;B2
CL7129;SRVG10;2023-08-30 16:37:49.200;58914;2024-01-25 00:00:00.000;JUANITA;FOTON;B2
CL7130;SRVG25;2023-08-30 16:37:49.230;56738;2024-01-25 00:00:00.000;JUANITA;FOTON;B2
CL7131;SRVG32;2023-08-30 16:37:49.247;56542;2024-01-25 00:00:00.000;JUANITA;FOTON;B2
CL7132;SRVG44;2023-08-30 16:37:49.277;60681;2024-01-25 00:00:00.000;JUANITA;FOTON;B2
CL7133;SRVG48;2023-08-30 16:37:49.370;53822;2024-01-25 00:00:00.000;JUANITA;FOTON;B2
CL7134;SRVG49;2023-08-30 16:37:49.403;55414;2024-01-25 00:00:00.000;JUANITA;FOTON;B2
CL7135;SRVG53;2023-08-30 16:37:49.450;56941;2024-01-25 00:00:00.000;JUANITA;FOTON;B2
CL7136;SRVG65;2023-08-30 16:37:49.480;59371;2024-01-25 00:00:00.000;JUANITA;FOTON;B2
CL7137;SRVG68;2023-08-30 16:37:49.513;58910;2024-01-25 00:00:00.000;JUANITA;FOTON;B2
CL7138;SRVG70;2023-08-30 16:37:49.560;52957;2024-01-25 00:00:00.000;JUANITA;FOTON;B2
CL7139;SRVG76;2023-08-30 16:37:49.620;55590;2024-01-25 00:00:00.000;JUANITA;FOTON;B2
CL7140;SRVG77;2023-08-30 16:37:49.670;58015;2024-01-25 00:00:00.000;JUANITA;FOTON;B2
CL7141;SRVG81;2023-08-30 16:37:49.700;56512;2024-01-25 00:00:00.000;JUANITA;FOTON;B2
CL7142;SRVG83;2023-08-30 16:37:49.717;56003;2024-01-25 00:00:00.000;JUANITA;FOTON;B2
CL7143;SRVG86;2023-08-30 16:37:49.730;58034;2024-01-25 00:00:00.000;JUANITA;FOTON;B2
CL7144;SRVG88;2023-08-30 16:37:49.763;56396;2024-01-25 00:00:00.000;JUANITA;FOTON;B2
CL7145;SRVG91;2023-08-30 16:37:49.777;56560;2024-01-25 00:00:00.000;JUANITA;FOTON;B2
CL7146;SRVG92;2023-08-30 16:37:49.810;57375;2024-01-25 00:00:00.000;JUANITA;FOTON;B2
CL7147;SRVG94;2023-08-30 16:37:49.840;52066;2024-01-25 00:00:00.000;JUANITA;FOTON;B2
CL7148;SRVG98;2023-08-30 16:37:49.857;54243;2024-01-25 00:00:00.000;JUANITA;FOTON;B2
CL7149;SRVH10;2023-08-30 16:37:49.873;57554;2024-01-25 00:00:00.000;JUANITA;FOTON;B2
CL7150;SRVH11;2023-08-30 16:37:49.950;56308;2024-01-25 00:00:00.000;JUANITA;FOTON;B2
CL7151;SRVH13;2023-08-30 16:37:49.967;56368;2024-01-25 00:00:00.000;JUANITA;FOTON;B2
CL7152;SRVH19;2023-08-30 16:37:49.997;53273;2024-01-25 00:00:00.000;JUANITA;FOTON;B2
CL7153;SRVH22;2023-08-30 16:37:50.013;60242;2024-01-25 00:00:00.000;JUANITA;FOTON;B2
CL7154;SRVH45;2023-08-30 16:37:50.043;59583;2024-01-25 00:00:00.000;JUANITA;FOTON;B2
CL7155;SRVH71;2023-08-30 16:37:50.077;55976;2024-01-25 00:00:00.000;JUANITA;FOTON;B2
CL7156;SRVH73;2023-08-30 16:37:50.090;59055;2024-01-25 00:00:00.000;JUANITA;FOTON;B2
CL7157;SRVJ34;2023-08-30 16:37:50.123;57768;2024-01-25 00:00:00.000;JUANITA;FOTON;B2
CL7158;SRVJ39;2023-08-30 16:37:50.153;56203;2024-01-25 00:00:00.000;JUANITA;FOTON;B2
CL7159;SRVJ43;2023-08-30 16:37:50.187;55648;2024-01-25 00:00:00.000;JUANITA;FOTON;B2
CL7160;SRVJ55;2023-08-30 16:37:50.200;53707;2024-01-25 00:00:00.000;JUANITA;FOTON;B2
CL7161;SRVJ64;2023-08-30 16:37:50.233;57854;2024-01-25 00:00:00.000;JUANITA;FOTON;B2
CL7162;SRVJ78;2023-08-30 16:37:50.263;55409;2024-01-25 00:00:00.000;JUANITA;FOTON;B2
CL7163;SRVJ82;2023-08-30 16:37:50.293;53170;2024-01-25 00:00:00.000;JUANITA;FOTON;B2
CL7164;SRVJ90;2023-08-30 16:37:50.327;58389;2024-01-25 00:00:00.000;JUANITA;FOTON;B2
CL7165;SRVK11;2023-08-30 16:37:50.357;55393;2024-01-25 00:00:00.000;JUANITA;FOTON;B2
CL7166;SRVK42;2023-08-30 16:37:50.373;57535;2024-01-25 00:00:00.000;JUANITA;FOTON;B2
CL7167;SRVK61;2023-08-30 16:37:50.390;57630;2024-01-25 00:00:00.000;JUANITA;FOTON;B2
CL7168;SRVK90;2023-08-30 16:37:50.420;56920;2024-01-25 00:00:00.000;JUANITA;FOTON;B2
CL7169;SRVK97;2023-08-30 16:37:50.437;58542;2024-01-25 00:00:00.000;JUANITA;FOTON;B2
CL7170;SRVL11;2023-08-30 16:37:50.450;57770;2024-01-25 00:00:00.000;JUANITA;FOTON;B2
CL7171;SRVL15;2023-08-30 16:37:50.483;54968;2024-01-25 00:00:00.000;JUANITA;FOTON;B2
CL7172;SRVL21;2023-08-30 16:37:50.497;53610;2024-01-25 00:00:00.000;JUANITA;FOTON;B2
CL7173;SRVL24;2023-08-30 16:37:50.513;58076;2024-01-25 00:00:00.000;JUANITA;FOTON;B2
CL7174;SRVL25;2023-08-30 16:37:50.530;56119;2024-01-25 00:00:00.000;JUANITA;FOTON;B2
CL7175;SRVL35;2023-08-30 16:37:50.560;54337;2024-01-25 00:00:00.000;JUANITA;FOTON;B2
CL7176;SRVL40;2023-08-30 16:37:50.577;59213;2024-01-25 00:00:00.000;JUANITA;FOTON;B2
CL7177;SRVL45;2023-08-30 16:37:50.607;57098;2024-01-25 00:00:00.000;JUANITA;FOTON;B2
CL7178;SRVL72;2023-08-30 16:37:50.653;55900;2024-01-25 00:00:00.000;JUANITA;FOTON;B2
CL7179;SRVL75;2023-08-30 16:37:50.687;57316;2024-01-25 00:00:00.000;JUANITA;FOTON;B2
CL7180;SRVL78;2023-08-30 16:37:50.717;56338;2024-01-25 00:00:00.000;JUANITA;FOTON;B2
CL7181;STHC57;2023-08-30 16:37:50.747;58449;2024-01-25 00:00:00.000;JUANITA;FOTON;B2
CL7182;STHC95;2023-08-30 16:37:50.780;56045;2024-01-25 00:00:00.000;JUANITA;FOTON;B2
CL7183;STHD12;2023-08-30 16:37:50.810;52062;2024-01-25 00:00:00.000;JUANITA;FOTON;B2
CL7184;STHD50;2023-08-30 16:37:50.840;57618;2024-01-25 00:00:00.000;JUANITA;FOTON;B2
CL7185;STHD26;2023-08-30 16:37:50.857;57213;2024-01-25 00:00:00.000;JUANITA;FOTON;B2
CL7186;STHF36;2023-08-30 16:37:50.890;58220;2024-01-25 00:00:00.000;JUANITA;FOTON;B2
CL7187;STHF56;2023-08-30 16:37:50.920;58396;2024-01-25 00:00:00.000;JUANITA;FOTON;B2
CL7188;STHF57;2023-08-30 16:37:50.950;57204;2024-01-25 00:00:00.000;JUANITA;FOTON;B2
CL7189;STHF67;2023-08-30 16:37:50.997;57269;2024-01-25 00:00:00.000;JUANITA;FOTON;B2
CL7190;STHF69;2023-08-30 16:37:51.030;57041;2024-01-25 00:00:00.000;JUANITA;FOTON;B2
CL7108;SRVJ10;2023-08-30 16:37:48.620;58771;2024-01-25 00:00:00.000;JUANITA;FOTON;B2
CL7028;SPZX52;2023-08-30 16:37:46.200;59735;2024-01-25 00:00:00.000;JUANITA;FOTON;B2
CL7094;SPZY68;2023-08-30 16:37:48.153;60959;2024-01-25 00:00:00.000;JUANITA;FOTON;B2
CL6031;LBTS79;2023-08-22 16:25:23.737;417862;2024-01-25 00:00:00.000;JUANITA;MERCEDES BENZ;B2
CL6032;LBTS80;2023-08-30 16:37:42.713;391931;2024-01-25 00:00:00.000;JUANITA;MERCEDES BENZ;B2
CL6033;LBTS81;2023-08-30 16:37:42.743;395692;2024-01-25 00:00:00.000;JUANITA;MERCEDES BENZ;B2
CL6034;LBTS82;2023-08-30 16:37:42.760;315661;2024-01-25 00:00:00.000;JUANITA;MERCEDES BENZ;B2
CL6035;LBTS83;2023-08-30 16:37:42.790;257618;2024-01-25 00:00:00.000;JUANITA;MERCEDES BENZ;B2
CL6036;LBTS85;2023-08-30 16:37:42.807;299830;2024-01-03 00:00:00.000;JUANITA;MERCEDES BENZ;B2
CL6040;LBTS89;2023-08-30 16:37:42.853;307703;2024-01-25 00:00:00.000;JUANITA;MERCEDES BENZ;B2
CL6041;LBTS90;2023-08-30 16:37:42.870;312566;2024-01-25 00:00:00.000;JUANITA;MERCEDES BENZ;B2
CL6042;LBTS91;2023-08-30 16:37:42.883;342261;2024-01-25 00:00:00.000;JUANITA;MERCEDES BENZ;B2
CL6043;LBTS92;2023-08-30 16:37:42.900;322592;2024-01-24 00:00:00.000;JUANITA;MERCEDES BENZ;B2
CL6045;LBTS94;2023-08-30 16:37:42.917;296807;2024-01-25 00:00:00.000;JUANITA;MERCEDES BENZ;B2
CL6046;LBTS95;2023-08-30 16:37:42.963;415798;2024-01-25 00:00:00.000;JUANITA;MERCEDES BENZ;B2
CL6047;LBTS96;2023-08-30 16:37:42.980;291350;2024-01-25 00:00:00.000;JUANITA;MERCEDES BENZ;B2
CL6070;LCPG34;2023-08-30 16:37:43.417;294662;2024-01-25 00:00:00.000;JUANITA;MERCEDES BENZ;B2
CL6078;LCPG42;2023-08-30 16:37:43.527;316088;2024-01-25 00:00:00.000;JUANITA;MERCEDES BENZ;B2
CL6079;LCPG43;2023-08-30 16:37:43.540;301528;2024-01-24 00:00:00.000;JUANITA;MERCEDES BENZ;B2
CL6080;LCPG44;2023-08-30 16:37:43.557;307254;2024-01-25 00:00:00.000;JUANITA;MERCEDES BENZ;B2
CL6081;LCPG45;2023-08-30 16:37:43.573;336893;2024-01-25 00:00:00.000;JUANITA;MERCEDES BENZ;B2
CL6085;LCPG49;2023-08-30 16:37:43.637;298713;2024-01-25 00:00:00.000;JUANITA;MERCEDES BENZ;B2
CL6086;LCPG50;2023-08-30 16:37:43.637;299302;2024-01-25 00:00:00.000;JUANITA;MERCEDES BENZ;B2
CL6087;LCPG51;2023-08-30 16:37:43.650;274793;2024-01-25 00:00:00.000;JUANITA;MERCEDES BENZ;B2
CL6088;LCPG52;2023-08-30 16:37:43.650;322355;2024-01-25 00:00:00.000;JUANITA;MERCEDES BENZ;B2
CL6072;LCPG36;2023-08-30 16:37:43.430;280909;2024-01-25 00:00:00.000;JUANITA;MERCEDES BENZ;B2
CL6073;LCPG37;2023-08-30 16:37:43.447;286784;2024-01-25 00:00:00.000;JUANITA;MERCEDES BENZ;B2
CL6074;LCPG38;2023-08-30 16:37:43.463;277399;2023-12-30 00:00:00.000;JUANITA;MERCEDES BENZ;B2
CL6075;LCPG39;2023-08-30 16:37:43.480;296135;2024-01-25 00:00:00.000;JUANITA;MERCEDES BENZ;B2
CL6076;LCPG40;2023-08-30 16:37:43.493;315445;2024-01-25 00:00:00.000;JUANITA;MERCEDES BENZ;B2
CL6064;LBTT23;2023-08-30 16:37:43.277;299054;2024-01-25 00:00:00.000;JUANITA;MERCEDES BENZ;B2
CL6065;LBTT24;2023-08-30 16:37:43.307;308879;2024-01-25 00:00:00.000;JUANITA;MERCEDES BENZ;B2
CL6067;LCPG31;2023-08-30 16:37:43.370;289483;2024-01-25 00:00:00.000;JUANITA;MERCEDES BENZ;B2
CL6056;LBTT15;2023-07-28 16:49:26.117;282319;2024-01-25 00:00:00.000;JUANITA;MERCEDES BENZ;B2
CL6057;LBTT16;2023-08-30 16:37:43.167;301193;2024-01-25 00:00:00.000;JUANITA;MERCEDES BENZ;B2
CL6058;LBTT17;2023-08-30 16:37:43.180;332100;2024-01-25 00:00:00.000;JUANITA;MERCEDES BENZ;B2
CL6059;LBTT18;2023-08-30 16:37:43.197;321982;2024-01-25 00:00:00.000;JUANITA;MERCEDES BENZ;B2
CL6038;LBTS87;2023-07-28 16:49:26.117;282856;2024-01-25 00:00:00.000;JUANITA;MERCEDES BENZ;B2
CL6062;LBTT21;2023-08-30 16:37:43.230;361779;2024-01-25 00:00:00.000;JUANITA;MERCEDES BENZ;B2
CL7000;LCTG23;2023-08-30 16:37:45.137;283697;2024-01-25 00:00:00.000;JUANITA;YUTONG;B2
CL7001;LCTG24;2023-08-30 16:37:45.167;255501;2024-01-15 00:00:00.000;JUANITA;YUTONG;B2
CL7002;LCTG25;2023-08-30 16:37:45.230;284877;2024-01-25 00:00:00.000;JUANITA;YUTONG;B2
CL7003;LCTG26;2023-08-30 16:37:45.277;293218;2024-01-25 00:00:00.000;JUANITA;YUTONG;B2
CL7004;LCTG27;2023-08-30 16:37:45.290;285508;2024-01-25 00:00:00.000;JUANITA;YUTONG;B2
CL7005;LCTG28;2023-08-30 16:37:45.323;290331;2024-01-25 00:00:00.000;JUANITA;YUTONG;B2
CL7006;LCTG29;2023-08-30 16:37:45.353;280942;2024-01-25 00:00:00.000;JUANITA;YUTONG;B2
CL7007;LCTG30;2023-08-30 16:37:45.387;254794;2024-01-25 00:00:00.000;JUANITA;YUTONG;B2
CL7008;LCTG31;2023-08-30 16:37:45.387;239881;2024-01-25 00:00:00.000;JUANITA;YUTONG;B2
CL7009;LCTG32;2023-08-30 16:37:45.400;287736;2024-01-25 00:00:00.000;JUANITA;YUTONG;B2
CL7010;LCTG33;2023-08-30 16:37:45.417;281553;2024-01-24 00:00:00.000;JUANITA;YUTONG;B2
CL7011;LCTG34;2023-08-30 16:37:45.430;282952;2024-01-25 00:00:00.000;JUANITA;YUTONG;B2
CL7012;LCTG35;2023-08-30 16:37:45.463;274560;2024-01-25 00:00:00.000;JUANITA;YUTONG;B2
CL7013;LCTG36;2023-08-30 16:37:45.480;298898;2024-01-25 00:00:00.000;JUANITA;YUTONG;B2
CL7014;LCTG37;2023-08-30 16:37:45.493;291864;2024-01-25 00:00:00.000;JUANITA;YUTONG;B2
CL7015;LCTG38;2023-08-30 16:37:45.527;281822;2024-01-25 00:00:00.000;JUANITA;YUTONG;B2
CL7016;LCTG39;2023-08-30 16:37:45.573;284230;2024-01-25 00:00:00.000;JUANITA;YUTONG;B2
CL7017;LCTG40;2023-08-30 16:37:45.603;254414;2024-01-25 00:00:00.000;JUANITA;YUTONG;B2
CL7018;LCTG41;2023-08-30 16:37:45.650;267141;2024-01-25 00:00:00.000;JUANITA;YUTONG;B2
CL7019;LCTG42;2023-08-30 16:37:45.700;280973;2024-01-25 00:00:00.000;JUANITA;YUTONG;B2
CL7020;LCTG43;2023-08-30 16:37:45.730;287143;2024-01-25 00:00:00.000;JUANITA;YUTONG;B2
CL7021;LCTG44;2023-08-30 16:37:45.760;276505;2024-01-25 00:00:00.000;JUANITA;YUTONG;B2
CL7022;LCTG45;2023-08-30 16:37:45.790;351742;2024-01-25 00:00:00.000;JUANITA;YUTONG;B2
CL7023;LCTG46;2023-08-30 16:37:45.853;268399;2024-01-25 00:00:00.000;JUANITA;YUTONG;B2
CL7024;LCTG47;2023-08-30 16:37:45.900;279972;2024-01-25 00:00:00.000;JUANITA;YUTONG;B2
CL7026;SPZX47;2023-08-30 16:37:45.997;57229;2024-01-25 00:00:00.000;PIE ANDINO;FOTON;B2
CL7027;SPZX48;2023-08-30 16:37:46.120;61669;2024-01-25 00:00:00.000;PIE ANDINO;FOTON;B2
CL7072;SPZY42;2023-08-30 16:37:47.543;63941;2024-01-25 00:00:00.000;PIE ANDINO;FOTON;B2
CL7073;SPZY43;2023-08-30 16:37:47.590;60874;2024-01-25 00:00:00.000;PIE ANDINO;FOTON;B2
CL7074;SPZY44;2023-08-30 16:37:47.603;57557;2024-01-25 00:00:00.000;PIE ANDINO;FOTON;B2
CL7075;SPZY45;2023-08-30 16:37:47.667;63922;2024-01-25 00:00:00.000;PIE ANDINO;FOTON;B2
CL7076;SPZY48;2023-08-30 16:37:47.700;58999;2024-01-25 00:00:00.000;PIE ANDINO;FOTON;B2
CL7077;SPZY49;2023-08-30 16:37:47.713;62676;2024-01-25 00:00:00.000;PIE ANDINO;FOTON;B2
CL7078;SPZY50;2023-08-30 16:37:47.747;60880;2024-01-25 00:00:00.000;PIE ANDINO;FOTON;B2
CL7079;SPZY51;2023-08-30 16:37:47.793;55411;2024-01-25 00:00:00.000;PIE ANDINO;FOTON;B2
CL7080;SPZY53;2023-08-30 16:37:47.823;60967;2024-01-25 00:00:00.000;PIE ANDINO;FOTON;B2
CL7081;SPZY54;2023-08-30 16:37:47.853;56810;2024-01-25 00:00:00.000;PIE ANDINO;FOTON;B2
CL7082;SPZY55;2023-08-30 16:37:47.887;59238;2024-01-25 00:00:00.000;PIE ANDINO;FOTON;B2
CL7083;SPZY56;2023-08-30 16:37:47.900;62496;2024-01-25 00:00:00.000;PIE ANDINO;FOTON;B2
CL7084;SPZY57;2023-08-30 16:37:47.917;60122;2024-01-25 00:00:00.000;PIE ANDINO;FOTON;B2
CL7085;SPZY58;2023-08-30 16:37:47.950;59410;2024-01-25 00:00:00.000;PIE ANDINO;FOTON;B2
CL7086;SPZY59;2023-08-30 16:37:47.963;54429;2024-01-25 00:00:00.000;PIE ANDINO;FOTON;B2
CL7087;SPZY60;2023-08-30 16:37:47.980;60813;2024-01-25 00:00:00.000;PIE ANDINO;FOTON;B2
CL7088;SPZY61;2023-08-30 16:37:48.000;60592;2024-01-25 00:00:00.000;PIE ANDINO;FOTON;B2
CL7089;SPZY63;2023-08-30 16:37:48.010;37038;2023-09-18 00:00:00.000;PIE ANDINO;FOTON;B2
CL7090;SPZY64;2023-08-30 16:37:48.027;62200;2024-01-25 00:00:00.000;PIE ANDINO;FOTON;B2
CL7091;SPZY65;2023-08-30 16:37:48.077;61764;2024-01-25 00:00:00.000;PIE ANDINO;FOTON;B2
CL7092;SPZY66;2023-08-30 16:37:48.107;62543;2024-01-25 00:00:00.000;PIE ANDINO;FOTON;B2
CL7093;SPZY67;2023-08-30 16:37:48.120;60818;2024-01-25 00:00:00.000;PIE ANDINO;FOTON;B2
CL7041;SPZX71;2023-08-30 16:37:46.683;57030;2024-01-25 00:00:00.000;PIE ANDINO;FOTON;B2
CL7042;SPZX72;2023-08-30 16:37:46.700;57980;2024-01-25 00:00:00.000;PIE ANDINO;FOTON;B2
CL7043;SPZX73;2023-08-30 16:37:46.713;61090;2024-01-25 00:00:00.000;PIE ANDINO;FOTON;B2
CL7044;SPZX74;2023-08-30 16:37:46.747;62645;2024-01-25 00:00:00.000;PIE ANDINO;FOTON;B2
CL7045;SPZX75;2023-08-30 16:37:46.760;61890;2024-01-25 00:00:00.000;PIE ANDINO;FOTON;B2
CL7046;SPZX76;2023-08-30 16:37:46.793;62385;2024-01-25 00:00:00.000;PIE ANDINO;FOTON;B2
CL7047;SPZX77;2023-08-30 16:37:46.807;58541;2024-01-25 00:00:00.000;PIE ANDINO;FOTON;B2
CL7048;SPZX78;2023-08-30 16:37:46.840;60987;2024-01-25 00:00:00.000;PIE ANDINO;FOTON;B2
CL7049;SPZX79;2023-08-30 16:37:46.853;59969;2024-01-25 00:00:00.000;PIE ANDINO;FOTON;B2
CL7050;SPZX80;2023-08-30 16:37:46.870;61914;2024-01-25 00:00:00.000;PIE ANDINO;FOTON;B2
CL7051;SPZX81;2023-08-30 16:37:46.900;61909;2024-01-25 00:00:00.000;PIE ANDINO;FOTON;B2
CL7052;SPZX82;2023-08-30 16:37:46.917;62213;2024-01-25 00:00:00.000;PIE ANDINO;FOTON;B2
CL7053;SPZX83;2023-08-30 16:37:46.933;62239;2024-01-25 00:00:00.000;PIE ANDINO;FOTON;B2
CL7054;SPZX84;2023-08-30 16:37:47.010;63756;2024-01-25 00:00:00.000;PIE ANDINO;FOTON;B2
CL7055;SPZX85;2023-08-30 16:37:47.043;60981;2024-01-25 00:00:00.000;PIE ANDINO;FOTON;B2
CL7056;SPZX93;2023-08-30 16:37:47.073;54546;2024-01-25 00:00:00.000;PIE ANDINO;FOTON;B2
CL7057;SPZX95;2023-08-30 16:37:47.103;63116;2024-01-25 00:00:00.000;PIE ANDINO;FOTON;B2
CL7058;SPZX96;2023-08-30 16:37:47.120;61603;2024-01-25 00:00:00.000;PIE ANDINO;FOTON;B2
CL7059;SPZX98;2023-08-30 16:37:47.183;60466;2024-01-25 00:00:00.000;PIE ANDINO;FOTON;B2
CL7060;SPZY13;2023-07-28 16:49:26.117;25295;2024-01-25 00:00:00.000;PIE ANDINO;FOTON;B2
CL7061;SPZY15;2023-08-30 16:37:47.213;56662;2024-01-25 00:00:00.000;PIE ANDINO;FOTON;B2
CL7062;SPZY16;2023-08-30 16:37:47.247;55688;2024-01-25 00:00:00.000;PIE ANDINO;FOTON;B2
CL7063;SPZY18;2023-08-30 16:37:47.277;63316;2024-01-25 00:00:00.000;PIE ANDINO;FOTON;B2
CL7064;SPZY23;2023-08-30 16:37:47.293;59567;2024-01-25 00:00:00.000;PIE ANDINO;FOTON;B2
CL7065;SPZY24;2023-08-30 16:37:47.323;61855;2024-01-25 00:00:00.000;PIE ANDINO;FOTON;B2
CL7066;SPZY25;2023-08-30 16:37:47.340;62383;2024-01-25 00:00:00.000;PIE ANDINO;FOTON;B2
CL7067;SPZY27;2023-08-30 16:37:47.400;58625;2024-01-25 00:00:00.000;PIE ANDINO;FOTON;B2
CL7068;SPZY28;2023-08-30 16:37:47.433;61493;2024-01-25 00:00:00.000;PIE ANDINO;FOTON;B2
CL7069;SPZY31;2023-08-30 16:37:47.463;63765;2024-01-25 00:00:00.000;PIE ANDINO;FOTON;B2
CL7070;SPZY37;2023-08-30 16:37:47.480;59637;2024-01-25 00:00:00.000;PIE ANDINO;FOTON;B2
CL7095;SPZY69;2023-08-30 16:37:48.183;61044;2024-01-25 00:00:00.000;PIE ANDINO;FOTON;B2
CL7096;SPZY70;2023-08-30 16:37:48.230;54115;2024-01-25 00:00:00.000;PIE ANDINO;FOTON;B2
CL7097;SPZY71;2023-08-30 16:37:48.293;63279;2024-01-25 00:00:00.000;PIE ANDINO;FOTON;B2
CL7098;SPZY72;2023-08-30 16:37:48.340;61757;2024-01-25 00:00:00.000;PIE ANDINO;FOTON;B2
CL7099;SPZY75;2023-08-30 16:37:48.370;61013;2024-01-25 00:00:00.000;PIE ANDINO;FOTON;B2
CL7100;SPZY78;2023-08-30 16:37:48.387;65203;2024-01-25 00:00:00.000;PIE ANDINO;FOTON;B2
CL7101;SPZY79;2023-08-30 16:37:48.433;63505;2024-01-25 00:00:00.000;PIE ANDINO;FOTON;B2
CL7102;SPZY81;2023-08-30 16:37:48.467;61585;2024-01-25 00:00:00.000;PIE ANDINO;FOTON;B2
CL7103;SPZY85;2023-08-30 16:37:48.480;57382;2024-01-25 00:00:00.000;PIE ANDINO;FOTON;B2
CL7104;SPZY86;2023-08-30 16:37:48.510;58575;2024-01-25 00:00:00.000;PIE ANDINO;FOTON;B2
CL7105;SPZY87;2023-08-30 16:37:48.543;61036;2024-01-25 00:00:00.000;PIE ANDINO;FOTON;B2
CL7106;SRVH33;2023-08-30 16:37:48.573;61619;2024-01-25 00:00:00.000;PIE ANDINO;FOTON;B2
CL7107;SRVH40;2023-08-30 16:37:48.590;62269;2024-01-25 00:00:00.000;PIE ANDINO;FOTON;B2
CL7029;SPZX53;2023-08-30 16:37:46.230;60672;2024-01-25 00:00:00.000;PIE ANDINO;FOTON;B2
CL7030;SPZX57;2023-08-30 16:37:46.307;58160;2024-01-25 00:00:00.000;PIE ANDINO;FOTON;B2
CL7031;SPZX59;2023-08-30 16:37:46.340;56695;2024-01-25 00:00:00.000;PIE ANDINO;FOTON;B2
CL7032;SPZX62;2023-08-30 16:37:46.370;62290;2024-01-25 00:00:00.000;PIE ANDINO;FOTON;B2
CL7033;SPZX63;2023-08-30 16:37:46.400;59756;2024-01-25 00:00:00.000;PIE ANDINO;FOTON;B2
CL7034;SPZX64;2023-08-30 16:37:46.463;64055;2024-01-25 00:00:00.000;PIE ANDINO;FOTON;B2
CL7035;SPZX65;2023-08-30 16:37:46.480;62854;2024-01-25 00:00:00.000;PIE ANDINO;FOTON;B2
CL7036;SPZX66;2023-08-30 16:37:46.527;61465;2024-01-25 00:00:00.000;PIE ANDINO;FOTON;B2
CL7037;SPZX67;2023-08-30 16:37:46.557;61138;2024-01-25 00:00:00.000;PIE ANDINO;FOTON;B2
CL7038;SPZX68;2023-08-30 16:37:46.603;60126;2024-01-25 00:00:00.000;PIE ANDINO;FOTON;B2
CL7039;SPZX69;2023-08-30 16:37:46.637;55273;2024-01-25 00:00:00.000;PIE ANDINO;FOTON;B2
CL7109;SRVJ17;2023-08-30 16:37:48.637;58199;2024-01-25 00:00:00.000;PIE ANDINO;FOTON;B2
CL7110;SRVJ25;2023-08-30 16:37:48.683;57575;2024-01-25 00:00:00.000;PIE ANDINO;FOTON;B2
CL7111;SRVJ48;2023-08-30 16:37:48.700;64358;2024-01-25 00:00:00.000;PIE ANDINO;FOTON;B2
CL7112;SRVJ72;2023-08-30 16:37:48.730;62117;2024-01-25 00:00:00.000;PIE ANDINO;FOTON;B2
CL7113;SRVK25;2023-08-30 16:37:48.760;64493;2024-01-25 00:00:00.000;PIE ANDINO;FOTON;B2
CL7114;SRVK73;2023-08-30 16:37:48.777;60493;2024-01-25 00:00:00.000;PIE ANDINO;FOTON;B2
CL7115;SRVK82;2023-08-30 16:37:48.810;62838;2024-01-25 00:00:00.000;PIE ANDINO;FOTON;B2
CL7116;SRVL13;2023-08-30 16:37:48.823;63155;2024-01-25 00:00:00.000;PIE ANDINO;FOTON;B2
CL7117;SRVL29;2023-08-30 16:37:48.840;64087;2024-01-25 00:00:00.000;PIE ANDINO;FOTON;B2
CL7118;SRVL59;2023-08-30 16:37:48.857;60843;2024-01-25 00:00:00.000;PIE ANDINO;FOTON;B2
CL7119;SRVL70;2023-08-30 16:37:48.887;55333;2024-01-25 00:00:00.000;PIE ANDINO;FOTON;B2
CL7120;SRVL81;2023-08-30 16:37:48.920;48516;2023-12-06 00:00:00.000;PIE ANDINO;FOTON;B2
CL6063;LBTT22;2023-08-30 16:37:43.260;NULL;2024-01-25 00:00:00.000;PIE ANDINO;MERCEDES BENZ;B2
CL6039;LBTS88;2023-08-30 16:37:42.837;323478;2024-01-25 00:00:00.000;PIE ANDINO;MERCEDES BENZ;B2
CL6060;LBTT19;2023-08-30 16:37:43.213;389865;2024-01-25 00:00:00.000;PIE ANDINO;MERCEDES BENZ;B2
CL6061;LBTT20;2023-08-30 16:37:43.230;327787;2024-01-25 00:00:00.000;PIE ANDINO;MERCEDES BENZ;B2
CL6068;LCPG32;2023-08-30 16:37:43.387;290328;2024-01-25 00:00:00.000;PIE ANDINO;MERCEDES BENZ;B2
CL6069;LCPG33;2023-08-30 16:37:43.400;326381;2024-01-25 00:00:00.000;PIE ANDINO;MERCEDES BENZ;B2
CL6066;LBTT25;2023-08-30 16:37:43.353;328572;2024-01-25 00:00:00.000;PIE ANDINO;MERCEDES BENZ;B2
CL6077;LCPG41;2023-08-30 16:37:43.510;NULL;2024-01-25 00:00:00.000;PIE ANDINO;MERCEDES BENZ;B2
CL6089;LCPW28;2023-08-30 16:37:43.667;312709;2024-01-25 00:00:00.000;PIE ANDINO;MERCEDES BENZ;B2
CL6090;LCPW29;2023-08-30 16:37:43.680;301300;2024-01-25 00:00:00.000;PIE ANDINO;MERCEDES BENZ;B2
CL6082;LCPG46;2023-08-30 16:37:43.590;312584;2024-01-25 00:00:00.000;PIE ANDINO;MERCEDES BENZ;B2
CL6083;LCPG47;2023-08-30 16:37:43.603;390031;2024-01-25 00:00:00.000;PIE ANDINO;MERCEDES BENZ;B2
CL6084;LCPG48;2023-08-30 16:37:43.620;331703;2024-01-25 00:00:00.000;PIE ANDINO;MERCEDES BENZ;B2
CL6048;LBTS97;2023-08-30 16:37:42.993;329424;2024-01-25 00:00:00.000;PIE ANDINO;MERCEDES BENZ;B2
CL6049;LBTS98;2023-08-30 16:37:43.027;345265;2024-01-25 00:00:00.000;PIE ANDINO;MERCEDES BENZ;B2
CL6050;LBTS99;2023-08-30 16:37:43.040;NULL;2024-01-25 00:00:00.000;PIE ANDINO;MERCEDES BENZ;B2
CL6051;LBTT10;2023-08-30 16:37:43.057;334327;2024-01-25 00:00:00.000;PIE ANDINO;MERCEDES BENZ;B2
CL6052;LBTT11;2023-08-30 16:37:43.073;350365;2024-01-25 00:00:00.000;PIE ANDINO;MERCEDES BENZ;B2
CL6053;LBTT12;2023-08-30 16:37:43.103;388701;2024-01-25 00:00:00.000;PIE ANDINO;MERCEDES BENZ;B2
CL6054;LBTT13;2023-08-30 16:37:43.120;345369;2024-01-25 00:00:00.000;PIE ANDINO;MERCEDES BENZ;B2
CL6055;LBTT14;2023-08-30 16:37:43.150;NULL;2024-01-25 00:00:00.000;PIE ANDINO;MERCEDES BENZ;B2
CL6044;LBTS93;2023-08-30 16:37:42.900;341361;2024-01-25 00:00:00.000;PIE ANDINO;MERCEDES BENZ;B2
CL6037;LBTS86;2023-08-30 16:37:42.823;324366;2024-01-25 00:00:00.000;PIE ANDINO;MERCEDES BENZ;B2
CL6021;FLXS32;2023-12-07 12:00:09.380;557450;2024-01-15 00:00:00.000;PIE ANDINO;MERCEDES BENZ;B2
CL6022;FLXS33;2024-01-02 12:00:16.533;556258;2024-01-13 00:00:00.000;PIE ANDINO;MERCEDES BENZ;B2
CL6023;FLXS38;2023-10-06 09:47:15.513;572641;2024-01-15 00:00:00.000;PIE ANDINO;MERCEDES BENZ;B2
CL6024;FLXS39;2024-01-02 12:00:16.533;537893;2024-01-15 00:00:00.000;PIE ANDINO;MERCEDES BENZ;B2
CL6025;FLXS40;2024-01-02 12:00:16.533;558573;2024-01-15 00:00:00.000;PIE ANDINO;MERCEDES BENZ;B2
CL6026;FLXS41;2023-10-06 09:47:15.513;554421;2024-01-15 00:00:00.000;PIE ANDINO;MERCEDES BENZ;B2
CL6027;LBTS75;2023-08-30 16:37:42.667;426370;2024-01-25 00:00:00.000;PIE ANDINO;MERCEDES BENZ;B2
CL6028;LBTS76;2023-08-30 16:37:42.667;453342;2024-01-25 00:00:00.000;PIE ANDINO;MERCEDES BENZ;B2
CL6029;LBTS77;2023-08-30 16:37:42.680;441499;2024-01-25 00:00:00.000;PIE ANDINO;MERCEDES BENZ;B2
CL6030;LBTS78;2023-08-30 16:37:42.697;477480;2024-01-25 00:00:00.000;PIE ANDINO;MERCEDES BENZ;B2
CL6018;FLXR75;2023-10-06 09:47:15.513;571852;2024-01-15 00:00:00.000;PIE ANDINO;MERCEDES BENZ;B2
CL6019;FLXR76;2023-10-06 09:47:15.513;563335;2024-01-15 00:00:00.000;PIE ANDINO;MERCEDES BENZ;B2
CL5006;SHCX60;2023-08-30 16:37:41.963;50152;2024-01-25 00:00:00.000;PIE ANDINO;VOLVO;A2
CL5007;SHCY42;2023-08-30 16:37:41.993;49459;2024-01-25 00:00:00.000;PIE ANDINO;VOLVO;A2
CL5008;SHCY48;2023-07-28 16:49:26.117;26729;2023-07-11 00:00:00.000;PIE ANDINO;VOLVO;A2
CL5009;SHCY60;2023-08-30 16:37:42.010;47442;2024-01-25 00:00:00.000;PIE ANDINO;VOLVO;A2
CL5010;SHXD57;2023-08-30 16:37:42.027;50365;2024-01-25 00:00:00.000;PIE ANDINO;VOLVO;A2
CL5011;SHXF18;2023-08-30 16:37:42.057;50313;2024-01-25 00:00:00.000;PIE ANDINO;VOLVO;A2
CL5012;SHXF36;2023-08-30 16:37:42.073;45340;2024-01-25 00:00:00.000;PIE ANDINO;VOLVO;A2
CL5013;SHXF39;2023-08-30 16:37:42.103;NULL;2024-01-25 00:00:00.000;PIE ANDINO;VOLVO;A2
CL5014;SHXF40;2023-08-30 16:37:42.120;35402;2024-01-25 00:00:00.000;PIE ANDINO;VOLVO;A2
CL5015;SHXG86;2023-08-30 16:37:42.133;48197;2024-01-24 00:00:00.000;PIE ANDINO;VOLVO;A2
CL5016;SHCY61;2023-08-30 16:37:42.180;49688;2024-01-25 00:00:00.000;PIE ANDINO;VOLVO;A2
CL5017;SHCY63;2023-08-30 16:37:42.197;56333;2024-01-25 00:00:00.000;PIE ANDINO;VOLVO;A2
CL5018;SHXD82;2023-08-30 16:37:42.213;54732;2024-01-25 00:00:00.000;PIE ANDINO;VOLVO;A2
CL5019;SHXD84;2023-08-30 16:37:42.230;47335;2024-01-25 00:00:00.000;PIE ANDINO;VOLVO;A2
CL5020;SHXF22;2023-08-30 16:37:42.243;47274;2024-01-22 00:00:00.000;PIE ANDINO;VOLVO;A2
CL5021;SHXF38;2023-08-30 16:37:42.260;54801;2024-01-25 00:00:00.000;PIE ANDINO;VOLVO;A2
CL5022;SHCY65;2023-08-30 16:37:42.277;50451;2024-01-25 00:00:00.000;PIE ANDINO;VOLVO;A2
CL6094;SHCW62;2024-01-16 16:00:10.980;71598;2024-01-25 00:00:00.000;PIE ANDINO;VOLVO;B2
CL6095;SHCW63;2024-01-16 16:00:10.980;22996;2024-01-25 00:00:00.000;PIE ANDINO;VOLVO;B2
CL6091;SHCW69;2023-08-30 16:37:43.680;94077;2024-01-25 00:00:00.000;PIE ANDINO;VOLVO;B2
CL6092;SHCW74;2023-08-30 16:37:43.697;89234;2024-01-25 00:00:00.000;PIE ANDINO;VOLVO;B2
CL6137;SHXG92;2024-01-16 16:00:10.980;65338;2024-01-25 00:00:00.000;PIE ANDINO;VOLVO;B2
CL6138;SHXG93;2023-08-30 16:37:44.590;90348;2024-01-25 00:00:00.000;PIE ANDINO;VOLVO;B2
CL6126;SHXD92;2024-01-16 16:00:10.980;68525;2024-01-25 00:00:00.000;PIE ANDINO;VOLVO;B2
CL6123;SHXD89;2024-01-16 16:00:10.980;74264;2024-01-25 00:00:00.000;PIE ANDINO;VOLVO;B2
CL6121;SHCY15;2023-08-30 16:37:44.213;100870;2024-01-25 00:00:00.000;PIE ANDINO;VOLVO;B2
CL6113;SHCX28;2024-01-16 16:00:10.980;70139;2024-01-25 00:00:00.000;PIE ANDINO;VOLVO;B2
CL6117;SHCX32;2023-08-30 16:37:44.120;92699;2024-01-25 00:00:00.000;PIE ANDINO;VOLVO;B2
CL6118;SHCX33;2023-08-30 16:37:44.137;85354;2024-01-25 00:00:00.000;PIE ANDINO;VOLVO;B2
CL6109;SHCW80;2024-01-16 16:00:10.980;71298;2024-01-25 00:00:00.000;PIE ANDINO;VOLVO;B2
CL6110;SHCW81;2024-01-16 16:00:10.980;74522;2024-01-25 00:00:00.000;PIE ANDINO;VOLVO;B2
CL6102;SHCW72;2024-01-16 16:00:10.980;72306;2024-01-25 00:00:00.000;PIE ANDINO;VOLVO;B2
CL6107;SHCW78;2023-08-30 16:37:43.947;81513;2024-01-25 00:00:00.000;PIE ANDINO;VOLVO;B2
CL6097;SHCW65;2023-08-30 16:37:43.777;95123;2024-01-25 00:00:00.000;PIE ANDINO;VOLVO;B2
CL6098;SHCW67;2023-08-30 16:37:43.790;91324;2024-01-25 00:00:00.000;PIE ANDINO;VOLVO;B2
CL6099;SHCW68;2023-08-30 16:37:43.807;89187;2024-01-25 00:00:00.000;PIE ANDINO;VOLVO;B2
CL6100;SHCW70;2023-08-30 16:37:43.823;96550;2024-01-25 00:00:00.000;PIE ANDINO;VOLVO;B2
CL6140;SHXG95;2024-01-16 16:00:10.980;74519;2024-01-25 00:00:00.000;PIE ANDINO;VOLVO;B2
CL6158;SHXG89;2024-01-16 16:00:10.980;64093;2024-01-25 00:00:00.000;PIE ANDINO;VOLVO;B2
CL6159;SJPD86;2023-08-30 16:37:45.090;93316;2024-01-16 00:00:00.000;PIE ANDINO;VOLVO;B2
CL6145;SJPC40;2024-01-16 16:00:10.980;70111;2024-01-25 00:00:00.000;PIE ANDINO;VOLVO;B2
CL6146;SJPC42;2024-01-16 16:00:10.980;70188;2024-01-25 00:00:00.000;PIE ANDINO;VOLVO;B2
CL6147;SJPC43;2024-01-16 16:00:10.980;73299;2024-01-25 00:00:00.000;PIE ANDINO;VOLVO;B2
CL6148;SJPC75;2024-01-16 16:00:10.980;70394;2024-01-25 00:00:00.000;PIE ANDINO;VOLVO;B2
CL6149;SJPD87;2023-08-30 16:37:44.870;95898;2024-01-25 00:00:00.000;PIE ANDINO;VOLVO;B2
CL6150;SJPD98;2023-08-30 16:37:44.900;90512;2024-01-25 00:00:00.000;PIE ANDINO;VOLVO;B2
CL6151;SJPF89;2023-08-30 16:37:44.930;97595;2024-01-25 00:00:00.000;PIE ANDINO;VOLVO;B2
CL6152;SJPF90;2023-08-30 16:37:44.947;93888;2024-01-25 00:00:00.000;PIE ANDINO;VOLVO;B2
CL6153;SKPP55;2024-01-16 16:00:10.980;70453;2024-01-25 00:00:00.000;PIE ANDINO;VOLVO;B2
CL6154;SHCY19;2023-07-28 16:49:26.117;76114;2024-01-25 00:00:00.000;PIE ANDINO;VOLVO;B2
CL2078;LXDJ30;2023-07-28 16:49:26.117;279101;2023-06-30 00:00:00.000;SANTA MARGARITA;SCANIA;B2
CL2076;LXDJ28;2023-07-28 16:49:26.117;297585;2024-01-25 00:00:00.000;SANTA MARGARITA;SCANIA;B2
CL2046;LXDH88;2023-08-30 16:37:34.900;267426;2024-01-25 00:00:00.000;SANTA MARGARITA;SCANIA;B2
CL4039;SHXG32;2023-08-30 16:37:41.197;77504;2024-01-25 00:00:00.000;SANTA MARGARITA;VOLVO;
CL4037;SHXG30;2023-08-30 16:37:41.023;85672;2024-01-25 00:00:00.000;SANTA MARGARITA;VOLVO;
CL4032;SHXF26;2023-08-30 16:37:40.870;75270;2024-01-25 00:00:00.000;SANTA MARGARITA;VOLVO;
CL4033;SHXF27;2023-07-28 16:49:26.117;70659;2024-01-25 00:00:00.000;SANTA MARGARITA;VOLVO;
CL4034;SHXF28;2023-08-30 16:37:40.883;75529;2024-01-25 00:00:00.000;SANTA MARGARITA;VOLVO;
CL4025;SHCY18;2023-08-30 16:37:40.773;82330;2024-01-25 00:00:00.000;SANTA MARGARITA;VOLVO;C2
CL4026;SHXC20;2023-08-30 16:37:40.773;81415;2024-01-25 00:00:00.000;SANTA MARGARITA;VOLVO;C2
CL4027;SHCY17;2023-08-30 16:37:40.790;69445;2024-01-24 00:00:00.000;SANTA MARGARITA;VOLVO;
CL4028;SHXD76;2023-08-30 16:37:40.807;76639;2024-01-25 00:00:00.000;SANTA MARGARITA;VOLVO;
CL4029;SHXD78;2023-08-30 16:37:40.820;69798;2024-01-25 00:00:00.000;SANTA MARGARITA;VOLVO;
CL4030;SHXF24;2023-08-30 16:37:40.837;80532;2024-01-25 00:00:00.000;SANTA MARGARITA;VOLVO;
CL4047;SJPC44;2023-08-30 16:37:41.430;75016;2024-01-25 00:00:00.000;SANTA MARGARITA;VOLVO;
CL4045;SJPC38;2023-08-30 16:37:41.370;79204;2024-01-25 00:00:00.000;SANTA MARGARITA;VOLVO;
CL4053;SJPC56;2023-08-30 16:37:41.620;70980;2024-01-25 00:00:00.000;SANTA MARGARITA;VOLVO;
CL4054;SJPC66;2023-08-30 16:37:41.633;77444;2024-01-24 00:00:00.000;SANTA MARGARITA;VOLVO;
CL4055;SJPC67;2023-08-30 16:37:41.650;82180;2024-01-25 00:00:00.000;SANTA MARGARITA;VOLVO;
CL4060;SJPD92;2023-08-30 16:37:41.713;79557;2024-01-25 00:00:00.000;SANTA MARGARITA;VOLVO;
CL4062;SJPD94;2023-08-30 16:37:41.730;76571;2024-01-22 00:00:00.000;SANTA MARGARITA;VOLVO;
CL4065;SJPD99;2023-08-30 16:37:41.760;80318;2024-01-25 00:00:00.000;SANTA MARGARITA;VOLVO;
CL4066;SJPF88;2023-08-30 16:37:41.790;80470;2024-01-25 00:00:00.000;SANTA MARGARITA;VOLVO;
CL3080;STHF70;2023-08-30 16:37:39.633;28023;2024-01-25 00:00:00.000;SANTA MARTA;FOTON;B2
CL3078;STHF54;2023-08-30 16:37:39.620;33423;2024-01-25 00:00:00.000;SANTA MARTA;FOTON;B2
CL3073;STHF31;2023-08-30 16:37:39.400;33373;2024-01-25 00:00:00.000;SANTA MARTA;FOTON;B2
CL3060;STHB62;2023-08-30 16:37:39.057;32258;2024-01-25 00:00:00.000;SANTA MARTA;FOTON;B2
CL3061;STHC45;2023-08-30 16:37:39.057;34504;2024-01-25 00:00:00.000;SANTA MARTA;FOTON;B2
CL3062;STHC51;2023-08-30 16:37:39.070;32582;2024-01-25 00:00:00.000;SANTA MARTA;FOTON;B2
CL3063;STHC54;2023-08-30 16:37:39.087;32509;2024-01-25 00:00:00.000;SANTA MARTA;FOTON;B2
CL3064;STHC69;2023-08-30 16:37:39.103;33681;2024-01-25 00:00:00.000;SANTA MARTA;FOTON;B2
CL3082;STHF77;2023-10-06 09:47:15.513;54509;2024-01-25 00:00:00.000;SANTA MARTA;FOTON;B2
CL3083;STHF78;2023-10-06 09:47:15.513;54593;2024-01-25 00:00:00.000;SANTA MARTA;FOTON;B2
CL3084;STHF82;2023-08-30 16:37:39.853;34895;2024-01-25 00:00:00.000;SANTA MARTA;FOTON;B2
CL3085;STHF84;2023-10-06 09:47:15.513;54151;2024-01-25 00:00:00.000;SANTA MARTA;FOTON;B2
CL3086;STHF88;2023-10-06 09:47:15.513;56988;2024-01-25 00:00:00.000;SANTA MARTA;FOTON;B2
CL3087;STHJ61;2023-08-30 16:37:39.963;33027;2024-01-25 00:00:00.000;SANTA MARTA;FOTON;B2
CL3088;STHJ68;2023-08-30 16:37:39.977;35037;2024-01-25 00:00:00.000;SANTA MARTA;FOTON;B2
CL3089;STHJ72;2023-07-28 16:49:26.117;35684;2024-01-25 00:00:00.000;SANTA MARTA;FOTON;B2
CL3090;STHJ74;2023-08-30 16:37:39.993;34142;2024-01-25 00:00:00.000;SANTA MARTA;FOTON;B2
CL3091;STHJ81;2023-07-28 16:49:26.117;37867;2024-01-25 00:00:00.000;SANTA MARTA;FOTON;B2
CL3092;STHJ86;2023-07-28 16:49:26.117;32824;2024-01-25 00:00:00.000;SANTA MARTA;FOTON;B2
CL3093;STHJ89;2023-08-30 16:37:40.010;32888;2024-01-25 00:00:00.000;SANTA MARTA;FOTON;B2
CL3094;STHJ98;2023-08-30 16:37:40.023;33331;2024-01-25 00:00:00.000;SANTA MARTA;FOTON;B2
CL3095;STHJ99;2023-07-28 16:49:26.117;32748;2024-01-25 00:00:00.000;SANTA MARTA;FOTON;B2
CL3096;STHK10;2023-08-30 16:37:40.070;34497;2024-01-25 00:00:00.000;SANTA MARTA;FOTON;B2
CL3097;STHK12;2023-10-06 09:47:15.513;54987;2024-01-25 00:00:00.000;SANTA MARTA;FOTON;B2
CL3098;STHK13;2023-08-30 16:37:40.167;30863;2024-01-25 00:00:00.000;SANTA MARTA;FOTON;B2
CL3099;STHK20;2023-08-30 16:37:40.180;36527;2024-01-25 00:00:00.000;SANTA MARTA;FOTON;B2
CL3100;STHK27;2023-08-30 16:37:40.180;27896;2024-01-25 00:00:00.000;SANTA MARTA;FOTON;B2
CL3101;STHK28;2023-08-30 16:37:40.180;34428;2024-01-25 00:00:00.000;SANTA MARTA;FOTON;B2
CL3102;STHK36;2023-08-30 16:37:40.197;35076;2024-01-25 00:00:00.000;SANTA MARTA;FOTON;B2
CL3103;STHK38;2023-10-06 09:47:15.513;50140;2024-01-25 00:00:00.000;SANTA MARTA;FOTON;B2
CL3104;STHK39;2023-10-06 09:47:15.513;51223;2024-01-25 00:00:00.000;SANTA MARTA;FOTON;B2
CL3105;STHK53;2023-08-30 16:37:40.213;35004;2024-01-24 00:00:00.000;SANTA MARTA;FOTON;B2
CL3106;STHK62;2023-08-30 16:37:40.227;36040;2024-01-25 00:00:00.000;SANTA MARTA;FOTON;B2
CL3107;STHK69;2023-08-30 16:37:40.227;34245;2024-01-25 00:00:00.000;SANTA MARTA;FOTON;B2
CL3108;STHK70;2023-08-30 16:37:40.227;34874;2024-01-25 00:00:00.000;SANTA MARTA;FOTON;B2
CL3109;STHL11;2023-08-30 16:37:40.227;23573;2024-01-25 00:00:00.000;SANTA MARTA;FOTON;B2
CL3110;STHL27;2023-10-06 09:47:15.513;50902;2024-01-25 00:00:00.000;SANTA MARTA;FOTON;B2
CL3111;STHL29;2023-07-28 16:49:26.117;31527;2024-01-25 00:00:00.000;SANTA MARTA;FOTON;B2
CL3112;STHL35;2023-08-30 16:37:40.243;34466;2024-01-25 00:00:00.000;SANTA MARTA;FOTON;B2
CL3113;STHL42;2023-10-06 09:47:15.513;54386;2024-01-25 00:00:00.000;SANTA MARTA;FOTON;B2
CL3114;STHL46;2023-08-30 16:37:40.243;35443;2024-01-25 00:00:00.000;SANTA MARTA;FOTON;B2
CL3115;STHL51;2023-08-30 16:37:40.260;35212;2024-01-25 00:00:00.000;SANTA MARTA;FOTON;B2
CL3116;STHL95;2023-10-06 09:47:15.513;56528;2024-01-25 00:00:00.000;SANTA MARTA;FOTON;B2
CL3117;STHP12;2023-08-30 16:37:40.400;32627;2024-01-25 00:00:00.000;SANTA MARTA;FOTON;B2
CL3118;STHP52;2023-08-30 16:37:40.400;35367;2024-01-25 00:00:00.000;SANTA MARTA;FOTON;B2
CL3119;STHP97;2023-08-30 16:37:40.417;32532;2024-01-25 00:00:00.000;SANTA MARTA;FOTON;B2
CL3120;STHR18;2023-08-30 16:37:40.417;35208;2024-01-25 00:00:00.000;SANTA MARTA;FOTON;B2
CL3121;STHR23;2023-07-28 16:49:26.117;34469;2024-01-25 00:00:00.000;SANTA MARTA;FOTON;B2
CL3122;STHR36;2023-08-30 16:37:40.417;35713;2024-01-25 00:00:00.000;SANTA MARTA;FOTON;B2
CL3123;STHR46;2023-08-30 16:37:40.430;33225;2024-01-25 00:00:00.000;SANTA MARTA;FOTON;B2
CL3124;STHR60;2023-08-30 16:37:40.430;33411;2024-01-25 00:00:00.000;SANTA MARTA;FOTON;B2
CL3125;STHR72;2023-08-30 16:37:40.430;35304;2024-01-25 00:00:00.000;SANTA MARTA;FOTON;B2
CL3126;STHR80;2023-08-30 16:37:40.430;37493;2024-01-25 00:00:00.000;SANTA MARTA;FOTON;B2
CL3052;STGZ28;2023-07-28 16:49:26.117;33139;2024-01-25 00:00:00.000;SANTA MARTA;FOTON;B2
CL3053;STGZ62;2023-08-30 16:37:38.960;35230;2024-01-25 00:00:00.000;SANTA MARTA;FOTON;B2
CL3054;STGZ85;2023-08-30 16:37:38.960;32541;2024-01-25 00:00:00.000;SANTA MARTA;FOTON;B2
CL3055;STHB12;2023-08-30 16:37:38.977;33917;2024-01-25 00:00:00.000;SANTA MARTA;FOTON;B2
CL3056;STHB21;2023-07-28 16:49:26.117;31478;2024-01-25 00:00:00.000;SANTA MARTA;FOTON;B2
CL3057;STHB29;2023-08-30 16:37:38.993;33627;2024-01-25 00:00:00.000;SANTA MARTA;FOTON;B2
CL3058;STHB36;2023-07-28 16:49:26.117;34135;2024-01-25 00:00:00.000;SANTA MARTA;FOTON;B2
CL2000;FLXS43;2023-08-30 16:37:33.993;541325;2024-01-22 00:00:00.000;SANTA MARTA;MERCEDES BENZ;BPAL
CL2001;FLXS44;2023-08-30 16:37:34.007;618591;2024-01-25 00:00:00.000;SANTA MARTA;MERCEDES BENZ;BPAL
CL2002;FLXS45;2023-07-28 16:49:26.117;576332;2024-01-25 00:00:00.000;SANTA MARTA;MERCEDES BENZ;BPAL
CL2003;FLXS46;2023-08-30 16:37:34.023;577444;2024-01-24 00:00:00.000;SANTA MARTA;MERCEDES BENZ;BPAL
CL2004;FLXS47;2023-08-30 16:37:34.053;584013;2024-01-25 00:00:00.000;SANTA MARTA;MERCEDES BENZ;BPAL
CL2005;FLXS48;2023-08-30 16:37:34.070;586685;2024-01-25 00:00:00.000;SANTA MARTA;MERCEDES BENZ;BPAL
CL2006;FLXS49;2023-08-30 16:37:34.100;561306;2024-01-25 00:00:00.000;SANTA MARTA;MERCEDES BENZ;BPAL
CL2007;FLXS50;2023-08-30 16:37:34.117;567029;2024-01-25 00:00:00.000;SANTA MARTA;MERCEDES BENZ;BPAL
CL2008;FLXS51;2023-08-30 16:37:34.150;565780;2024-01-24 00:00:00.000;SANTA MARTA;MERCEDES BENZ;BPAL
CL2009;FLXS52;2023-08-30 16:37:34.210;578228;2024-01-25 00:00:00.000;SANTA MARTA;MERCEDES BENZ;BPAL
CL2010;FLXS53;2023-08-30 16:37:34.210;576873;2024-01-25 00:00:00.000;SANTA MARTA;MERCEDES BENZ;BPAL
CL2011;FLXS54;2023-08-30 16:37:34.227;579348;2024-01-25 00:00:00.000;SANTA MARTA;MERCEDES BENZ;BPAL
CL2012;FLXS55;2023-08-30 16:37:34.243;564151;2024-01-25 00:00:00.000;SANTA MARTA;MERCEDES BENZ;BPAL
CL2013;FLXS56;2023-08-30 16:37:34.257;577856;2024-01-25 00:00:00.000;SANTA MARTA;MERCEDES BENZ;BPAL
CL2014;FLXS57;2023-08-30 16:37:34.273;577226;2024-01-25 00:00:00.000;SANTA MARTA;MERCEDES BENZ;BPAL
CL2015;FLXS58;2023-08-30 16:37:34.290;567782;2024-01-23 00:00:00.000;SANTA MARTA;MERCEDES BENZ;BPAL
CL2016;FLXS59;2023-08-30 16:37:34.303;554461;2024-01-25 00:00:00.000;SANTA MARTA;MERCEDES BENZ;BPAL
CL2017;FLXS60;2023-08-30 16:37:34.320;538123;2023-09-26 00:00:00.000;SANTA MARTA;MERCEDES BENZ;BPAL
CL2018;FLXS61;2023-07-28 16:49:26.117;574012;2024-01-25 00:00:00.000;SANTA MARTA;MERCEDES BENZ;BPAL
CL2019;FLXS62;2023-08-20 18:02:18.153;518783;2023-09-22 00:00:00.000;SANTA MARTA;MERCEDES BENZ;BPAL
CL2020;FLXS63;2023-08-30 16:37:34.350;600177;2024-01-25 00:00:00.000;SANTA MARTA;MERCEDES BENZ;BPAL
CL2021;FLXP83;2023-08-30 16:37:34.367;526712;2024-01-25 00:00:00.000;SANTA MARTA;MERCEDES BENZ;BPAL
CL2022;FLXP84;2023-08-30 16:37:34.413;500847;2024-01-25 00:00:00.000;SANTA MARTA;MERCEDES BENZ;BPAL
CL2023;FLXP85;2023-08-30 16:37:34.493;594141;2024-01-25 00:00:00.000;SANTA MARTA;MERCEDES BENZ;BPAL
CL2024;FLXP86;2023-07-28 16:49:26.117;522504;2024-01-25 00:00:00.000;SANTA MARTA;MERCEDES BENZ;BPAL
CL2025;FLXP87;2023-08-30 16:37:34.540;519528;2024-01-25 00:00:00.000;SANTA MARTA;MERCEDES BENZ;BPAL
CL2026;FLXP66;2023-12-07 12:00:09.380;472513;2024-01-22 00:00:00.000;SANTA MARTA;MERCEDES BENZ;BPAL
CL2027;FLXP67;2023-10-06 09:47:15.513;567237;2024-01-08 00:00:00.000;SANTA MARTA;MERCEDES BENZ;BPAL
CL2028;FLXP68;2023-10-06 09:47:15.513;465649;2024-01-06 00:00:00.000;SANTA MARTA;MERCEDES BENZ;BPAL
CL2029;FLXP69;2023-10-06 09:47:15.513;446207;2023-12-27 00:00:00.000;SANTA MARTA;MERCEDES BENZ;BPAL
CL2030;FLXP70;2023-10-06 09:47:15.513;537653;2024-01-05 00:00:00.000;SANTA MARTA;MERCEDES BENZ;BPAL
CL2031;FLXP71;2024-01-02 17:00:11.477;525499;2024-01-03 00:00:00.000;SANTA MARTA;MERCEDES BENZ;BPAL
CL2032;FLXP72;2023-10-06 09:47:15.513;577308;2024-01-06 00:00:00.000;SANTA MARTA;MERCEDES BENZ;BPAL
CL2033;FLXP73;2023-10-06 09:47:15.513;497860;2024-01-05 00:00:00.000;SANTA MARTA;MERCEDES BENZ;BPAL
CL2034;FLXP75;2024-01-02 17:00:11.477;495730;2024-01-06 00:00:00.000;SANTA MARTA;MERCEDES BENZ;BPAL
CL2035;FLXP76;2023-10-06 09:47:15.513;582805;2024-01-06 00:00:00.000;SANTA MARTA;MERCEDES BENZ;BPAL
CL2036;FLXP77;2023-10-19 14:00:10.523;573954;2024-01-05 00:00:00.000;SANTA MARTA;MERCEDES BENZ;BPAL
CL2037;FLXP78;2023-10-19 14:00:10.523;555859;2023-10-30 00:00:00.000;SANTA MARTA;MERCEDES BENZ;BPAL
CL2038;FLXP79;2023-10-06 09:47:15.513;543696;2023-12-29 00:00:00.000;SANTA MARTA;MERCEDES BENZ;BPAL
CL2039;FLXP80;2023-10-06 09:47:15.513;568986;2023-11-21 00:00:00.000;SANTA MARTA;MERCEDES BENZ;BPAL
CL2040;FLXP81;2023-10-19 14:00:10.523;560796;2023-10-30 00:00:00.000;SANTA MARTA;MERCEDES BENZ;BPAL
CL0007;LXDH94;2023-08-30 16:37:33.180;271229;2024-01-10 00:00:00.000;SANTA MARTA;SCANIA;B2
CL2047;LXDH89;2023-08-30 16:37:34.913;259223;2024-01-25 00:00:00.000;SANTA MARTA;SCANIA;B2
CL2048;LXDH90;2023-08-30 16:37:34.930;279503;2024-01-25 00:00:00.000;SANTA MARTA;SCANIA;B2
CL2049;LXDH91;2023-08-30 16:37:34.930;273127;2024-01-25 00:00:00.000;SANTA MARTA;SCANIA;B2
CL2050;LXDH92;2023-08-30 16:37:34.947;273636;2024-01-25 00:00:00.000;SANTA MARTA;SCANIA;B2
CL2051;LXDH93;2023-08-30 16:37:34.947;261658;2024-01-25 00:00:00.000;SANTA MARTA;SCANIA;B2
CL2052;LXDH94;2023-08-30 16:37:34.960;271229;2024-01-10 00:00:00.000;SANTA MARTA;SCANIA;B2
CL2053;LXDH95;2023-08-30 16:37:34.960;268428;2024-01-25 00:00:00.000;SANTA MARTA;SCANIA;B2
CL2054;LXDH96;2023-08-30 16:37:34.977;299656;2024-01-25 00:00:00.000;SANTA MARTA;SCANIA;B2
CL2056;LXDH98;2023-08-30 16:37:34.993;260528;2024-01-25 00:00:00.000;SANTA MARTA;SCANIA;B2
CL2057;LXDH99;2023-08-30 16:37:35.023;260749;2024-01-25 00:00:00.000;SANTA MARTA;SCANIA;B2
CL2058;LXDJ10;2023-08-30 16:37:35.023;260269;2024-01-25 00:00:00.000;SANTA MARTA;SCANIA;B2
CL2059;LXDJ11;2023-08-30 16:37:35.053;262403;2024-01-25 00:00:00.000;SANTA MARTA;SCANIA;B2
CL2060;LXDJ12;2023-08-30 16:37:35.053;276957;2024-01-25 00:00:00.000;SANTA MARTA;SCANIA;B2
CL2061;LXDJ13;2023-08-30 16:37:35.070;261689;2024-01-25 00:00:00.000;SANTA MARTA;SCANIA;B2
CL2062;LXDJ14;2023-08-30 16:37:35.087;236274;2023-10-03 00:00:00.000;SANTA MARTA;SCANIA;B2
CL2063;LXDJ15;2023-08-30 16:37:35.100;316005;2024-01-25 00:00:00.000;SANTA MARTA;SCANIA;B2
CL2072;LXDJ24;2023-08-30 16:37:35.210;309457;2024-01-23 00:00:00.000;SANTA MARTA;SCANIA;B2
CL2073;LXDJ25;2023-08-30 16:37:35.227;297747;2024-01-25 00:00:00.000;SANTA MARTA;SCANIA;B2
CL2067;LXDJ19;2023-08-30 16:37:35.133;277158;2024-01-25 00:00:00.000;SANTA MARTA;SCANIA;B2
CL2068;LXDJ20;2023-08-30 16:37:35.150;311362;2024-01-25 00:00:00.000;SANTA MARTA;SCANIA;B2
CL2069;LXDJ21;2023-08-30 16:37:35.163;324826;2024-01-24 00:00:00.000;SANTA MARTA;SCANIA;B2
CL2042;LXDH84;2023-08-30 16:37:34.867;256944;2024-01-25 00:00:00.000;SANTA MARTA;SCANIA;B2
CL2043;LXDH85;2023-08-30 16:37:34.883;273922;2023-11-23 00:00:00.000;SANTA MARTA;SCANIA;B2
CL2044;LXDH86;2023-08-30 16:37:34.883;273532;2024-01-25 00:00:00.000;SANTA MARTA;SCANIA;B2
CL2045;LXDH87;2023-07-28 16:49:26.117;266746;2024-01-25 00:00:00.000;SANTA MARTA;SCANIA;B2
CL1016;SHCY16;2023-08-30 16:37:33.540;55522;2024-01-25 00:00:00.000;SANTA MARTA;VOLVO;A2
CL1017;SHCY35;2023-08-30 16:37:33.540;48582;2024-01-25 00:00:00.000;SANTA MARTA;VOLVO;A2
CL1014;SHCY51;2023-08-30 16:37:33.477;60748;2024-01-25 00:00:00.000;SANTA MARTA;VOLVO;A2
CL1006;SHCY36;2023-08-30 16:37:33.303;61561;2024-01-25 00:00:00.000;SANTA MARTA;VOLVO;A2
CL1007;SHCY37;2023-08-30 16:37:33.367;56012;2024-01-25 00:00:00.000;SANTA MARTA;VOLVO;A2
CL1030;SHXF23;2023-08-30 16:37:33.900;54597;2024-01-25 00:00:00.000;SANTA MARTA;VOLVO;A2
CL1031;SHCY64;2023-08-30 16:37:33.930;53938;2024-01-25 00:00:00.000;SANTA MARTA;VOLVO;A2
CL1032;SHCY57;2023-08-30 16:37:33.947;52502;2024-01-25 00:00:00.000;SANTA MARTA;VOLVO;A2
CL1033;SHXF45;2023-08-30 16:37:33.947;54886;2024-01-25 00:00:00.000;SANTA MARTA;VOLVO;A2
CL1034;SHXF19;2023-08-30 16:37:33.960;66919;2024-01-25 00:00:00.000;SANTA MARTA;VOLVO;A2
CL1035;SJPB20;2023-08-30 16:37:33.977;50283;2024-01-25 00:00:00.000;SANTA MARTA;VOLVO;A2
CL1036;SJPC30;2023-08-30 16:37:33.977;46913;2024-01-25 00:00:00.000;SANTA MARTA;VOLVO;A2
CL1024;SHCX43;2023-08-30 16:37:33.633;51247;2024-01-25 00:00:00.000;SANTA MARTA;VOLVO;A2
CL1025;SHCY59;2023-08-30 16:37:33.650;50327;2024-01-25 00:00:00.000;SANTA MARTA;VOLVO;A2
CL1026;SHCX54;2023-08-30 16:37:33.697;53581;2024-01-25 00:00:00.000;SANTA MARTA;VOLVO;A2
CL1027;SHCY58;2023-08-30 16:37:33.790;48281;2024-01-25 00:00:00.000;SANTA MARTA;VOLVO;A2
